Data,Precipitação,Radiação,Temperatura,Umidade,Velocidade do Vento,Direção do Vento
2018-01-01,0.675,849.385,21.571,81.833,1.429,155.667
2018-01-02,0.033,1566.622,21.067,81.5,1.628,193.889
2018-01-03,0.033,1566.622,21.067,81.5,1.628,193.889
2018-01-04,0.0,764.833,24.843,60.0,2.767,264.333
2018-01-05,0.475,590.4,20.179,85.292,1.763,274.292
2018-01-06,1.267,808.943,19.425,86.417,1.808,281.333
2018-01-07,0.058,1446.471,20.396,79.708,2.062,251.333
2018-01-08,0.958,1237.529,20.296,81.333,1.629,161.042
2018-01-09,0.008,1843.014,21.713,70.958,2.275,145.042
2018-01-10,0.0,1944.871,22.892,65.833,3.433,103.583
2018-01-11,0.0,1979.586,22.888,65.833,3.521,94.0
2018-01-12,0.0,1762.554,21.475,64.5,2.529,178.792
2018-01-13,0.3,1448.486,20.188,74.792,1.508,176.333
2018-01-14,0.05,1158.531,19.204,82.333,1.967,170.25
2018-01-15,0.0,1441.9,20.096,80.458,1.612,176.75
2018-01-16,0.008,2073.531,22.3,71.292,2.092,119.625
2018-01-17,0.0,2059.271,23.179,61.208,2.5,110.917
2018-01-18,0.0,1935.931,23.033,51.792,2.387,97.5
2018-01-19,0.0,2265.638,22.908,57.292,2.379,105.417
2018-01-20,0.0,2127.123,24.213,48.833,2.371,102.833
2018-01-21,0.0,2110.462,24.075,48.833,1.812,131.083
2018-01-22,0.0,1972.043,24.425,51.333,2.254,115.292
2018-01-23,0.0,2317.985,24.562,43.375,2.2,107.667
2018-01-24,0.0,2028.362,24.662,53.208,2.525,119.458
2018-01-25,0.467,1193.669,21.417,78.667,1.85,205.125
2018-01-26,0.55,1106.792,21.062,80.167,1.537,197.583
2018-01-27,1.35,1488.162,20.917,83.083,1.738,255.917
2018-01-28,0.008,1623.943,21.308,79.417,2.308,190.083
2018-01-29,0.033,1262.446,21.742,78.75,2.171,276.0
2018-01-30,0.008,1414.515,22.217,75.5,2.267,303.625
2018-01-31,0.375,1380.038,22.262,77.083,2.312,281.125
2018-02-01,0.683,1243.815,21.217,81.792,3.167,326.417
2018-02-02,1.025,1398.077,21.325,83.792,3.079,326.917
2018-02-03,1.558,1406.738,20.683,85.625,3.071,292.75
2018-02-04,0.675,358.062,17.979,90.042,2.008,134.667
2018-02-05,0.008,1182.369,19.15,83.792,2.392,212.0
2018-02-06,0.0,1846.946,20.467,78.708,3.192,307.125
2018-02-07,3.158,1200.1,20.179,81.958,2.012,289.542
2018-02-08,0.008,1703.215,21.146,77.708,1.883,221.042
2018-02-09,0.008,1312.431,22.383,79.167,1.967,117.333
2018-02-10,0.15,1323.254,21.012,80.417,2.271,173.417
2018-02-11,0.0,2070.938,22.229,73.542,1.829,161.0
2018-02-12,0.0,2079.554,23.267,67.417,2.058,110.417
2018-02-13,0.0,2069.5,23.696,49.0,2.346,87.167
2018-02-14,0.0,2225.823,23.492,57.125,2.829,101.042
2018-02-15,0.0,1697.585,22.708,61.458,3.25,97.083
2018-02-16,0.0,1776.608,22.542,68.125,3.133,104.375
2018-02-17,0.0,1918.731,23.342,63.5,3.175,79.958
2018-02-18,0.017,1387.138,21.908,73.708,2.679,162.833
2018-02-19,0.792,1158.338,20.708,83.875,1.171,156.75
2018-02-20,0.05,1156.762,21.446,79.875,1.579,219.542
2018-02-21,0.892,863.4,20.938,87.0,1.617,222.667
2018-02-22,0.075,1233.592,19.742,84.958,2.671,296.708
2018-02-23,0.008,1582.562,21.442,77.542,2.35,298.833
2018-02-24,0.858,1821.823,21.358,79.0,1.75,198.75
2018-02-25,0.092,1808.162,21.483,80.042,2.521,137.417
2018-02-26,0.258,1107.969,20.883,82.375,1.771,189.125
2018-02-27,0.35,1470.793,22.354,77.417,1.517,151.0
2018-02-28,0.075,1524.2,22.838,74.833,1.588,144.583
2018-03-01,0.0,2056.115,22.612,67.125,1.854,121.625
2018-03-02,0.008,1333.946,21.729,70.375,1.633,189.625
2018-03-03,0.0,1409.608,22.083,74.208,1.329,150.917
2018-03-04,1.683,1793.25,23.15,71.458,1.333,192.917
2018-03-05,0.808,1695.214,22.708,72.208,2.175,214.708
2018-03-06,0.1,1377.731,22.812,75.083,1.675,271.167
2018-03-07,0.983,1092.246,22.338,80.375,1.65,227.542
2018-03-08,0.417,1093.262,21.262,84.583,1.971,203.5
2018-03-09,1.4,1278.015,20.85,86.833,1.421,236.125
2018-03-10,0.283,1483.238,21.171,85.375,2.508,284.833
2018-03-11,0.083,929.415,20.438,86.792,2.742,308.042
2018-03-12,0.117,1318.085,22.012,79.667,1.592,284.583
2018-03-13,1.142,1241.9,22.783,81.25,1.483,261.25
2018-03-14,0.108,1255.115,21.525,84.667,1.942,223.208
2018-03-15,0.0,1494.846,22.033,79.333,1.988,190.667
2018-03-16,0.0,1805.169,23.3,69.625,1.275,190.917
2018-03-17,0.0,1453.2,22.204,76.667,2.15,131.208
2018-03-18,0.0,1456.2,22.325,74.0,1.629,154.708
2018-03-19,0.0,1721.692,23.254,70.333,2.167,97.833
2018-03-20,0.283,1709.738,22.129,77.417,2.054,266.458
2018-03-21,0.633,1069.315,21.846,79.5,1.604,236.125
2018-03-22,0.017,912.754,21.5,80.208,1.542,194.833
2018-03-23,0.0,1566.215,21.642,78.042,1.783,130.75
2018-03-24,1.017,1048.277,20.467,82.458,1.963,98.125
2018-03-25,0.283,1394.692,21.858,77.0,2.442,88.0
2018-03-26,0.0,1556.592,21.929,71.875,2.646,60.458
2018-03-27,0.0,1745.369,21.921,65.333,2.946,78.875
2018-03-28,0.0,1749.331,22.033,64.458,2.908,91.958
2018-03-29,0.0,1964.969,21.942,64.833,2.988,94.292
2018-03-30,0.0,1154.362,22.233,66.25,2.65,78.667
2018-03-31,0.133,1113.508,22.125,70.792,1.992,57.042
2018-04-01,0.025,1439.733,21.338,78.333,1.704,127.25
2018-04-02,0.625,758.615,20.392,86.417,1.283,184.5
2018-04-03,1.942,1320.754,21.621,78.792,1.646,218.167
2018-04-04,0.392,917.885,20.758,87.542,1.242,179.125
2018-04-05,0.025,1247.867,21.238,83.167,1.537,166.292
2018-04-06,0.667,1233.408,20.825,82.125,2.396,146.25
2018-04-07,0.817,1207.917,20.654,82.667,2.004,122.0
2018-04-08,0.092,1050.808,19.667,87.708,1.917,121.708
2018-04-09,0.275,1230.725,20.021,81.75,2.308,78.292
2018-04-10,0.008,1507.9,20.608,77.917,2.954,90.958
2018-04-11,0.0,1715.342,20.787,75.917,3.608,93.417
2018-04-12,0.0,1343.083,19.633,74.625,2.925,77.792
2018-04-13,0.0,1460.733,20.383,76.458,2.908,102.542
2018-04-14,0.275,757.192,19.804,81.208,2.667,94.125
2018-04-15,0.0,1374.992,20.588,79.167,3.104,116.792
2018-04-16,2.142,1376.992,20.517,80.417,2.496,118.917
2018-04-17,0.0,865.417,19.483,80.625,3.679,102.708
2018-04-18,0.0,650.908,18.333,81.875,3.533,96.875
2018-04-19,0.0,1509.823,19.588,75.75,2.729,93.167
2018-04-20,0.0,1236.95,20.108,76.292,2.012,107.625
2018-04-21,0.0,1396.758,19.979,75.292,1.275,133.75
2018-04-22,0.0,1439.0,20.608,70.375,1.754,114.042
2018-04-23,0.825,1436.315,20.562,75.792,2.467,96.208
2018-04-24,0.008,1863.267,21.142,72.25,2.762,105.583
2018-04-25,0.0,1808.3,21.15,69.375,2.792,96.75
2018-04-26,0.0,1555.767,21.058,68.75,1.971,104.667
2018-04-27,0.783,1516.185,20.8,73.667,2.154,99.042
2018-04-28,0.0,1863.85,21.65,67.167,2.346,105.542
2018-04-29,0.0,1793.575,21.225,67.458,2.396,109.25
2018-04-30,0.0,1619.933,20.879,66.083,2.029,100.375
2018-05-01,0.0,1777.058,20.754,62.458,1.938,109.417
2018-05-02,0.0,1815.108,20.042,62.333,2.167,100.875
2018-05-03,0.0,1789.133,21.629,66.042,2.358,93.583
2018-05-04,0.0,1683.725,21.612,68.375,2.596,110.292
2018-05-05,0.0,1785.283,21.125,65.75,2.387,108.083
2018-05-06,0.0,1771.925,21.008,65.25,2.846,105.667
2018-05-07,0.0,1763.483,20.754,63.625,2.479,112.542
2018-05-08,0.0,1659.117,20.463,65.042,2.367,113.833
2018-05-09,0.0,1752.183,19.946,62.75,3.017,110.167
2018-05-10,0.0,1631.917,19.674,69.0,3.017,92.217
2018-05-11,0.0,1485.8,19.908,64.25,1.787,98.875
2018-05-12,0.0,1574.617,19.979,62.042,1.458,132.875
2018-05-13,0.0,1747.692,20.021,57.958,1.517,123.333
2018-05-14,0.0,1716.892,20.367,58.375,2.104,110.5
2018-05-15,0.0,1718.567,20.758,64.375,2.592,99.958
2018-05-16,0.0,1391.758,19.908,66.583,1.638,129.083
2018-05-17,0.0,1104.2,19.858,69.417,1.279,99.083
2018-05-18,0.0,1372.283,21.146,65.917,2.008,85.625
2018-05-19,0.275,1024.733,20.292,73.333,2.121,193.708
2018-05-20,0.125,1254.45,17.071,83.25,1.963,215.667
2018-05-21,0.0,1646.842,17.308,65.125,1.758,127.458
2018-05-22,0.0,1592.008,18.713,64.958,1.567,119.583
2018-05-23,0.0,1523.408,19.537,61.542,1.925,117.333
2018-05-24,0.0,1470.783,20.258,71.75,2.404,116.875
2018-05-25,0.0,1155.967,19.4,76.083,3.154,101.875
2018-05-26,0.0,1715.817,18.808,70.417,3.067,107.583
2018-05-27,0.0,1309.975,18.125,71.083,3.15,114.917
2018-05-28,0.0,1509.95,17.579,72.833,3.208,106.208
2018-05-29,0.0,1411.833,17.721,72.625,2.742,104.333
2018-05-30,0.0,1506.917,17.958,68.333,2.754,102.917
2018-05-31,0.0,1572.158,17.883,63.083,2.096,112.417
2018-06-01,0.0,1402.958,17.883,63.167,1.521,108.875
2018-06-02,0.0,1669.467,18.383,59.542,1.754,126.125
2018-06-03,0.0,1565.292,18.925,58.167,2.058,134.667
2018-06-04,0.0,1597.708,19.367,62.667,2.412,120.458
2018-06-05,0.0,1504.983,20.058,63.25,2.246,100.167
2018-06-06,0.0,1107.658,19.408,70.875,1.533,178.958
2018-06-07,0.0,1411.933,20.696,66.208,1.542,266.625
2018-06-08,0.0,1485.775,21.471,66.083,1.633,147.167
2018-06-09,0.0,1397.058,20.917,69.25,1.988,116.958
2018-06-10,0.0,1579.283,21.725,62.333,2.675,88.333
2018-06-11,0.0,1271.717,20.708,67.042,2.346,75.833
2018-06-12,0.0,1328.45,20.546,64.125,1.654,82.417
2018-06-13,0.0,1455.517,20.667,60.708,1.583,126.208
2018-06-14,0.0,1488.308,20.221,58.292,2.05,116.292
2018-06-15,0.0,1586.067,19.567,57.667,1.796,120.292
2018-06-16,0.0,1610.275,18.838,55.708,2.292,118.208
2018-06-17,0.0,1635.05,17.746,60.5,2.167,116.917
2018-06-18,0.0,1587.258,18.167,60.75,2.538,109.417
2018-06-19,0.0,1201.275,17.912,60.958,2.892,104.667
2018-06-20,0.0,1472.483,18.954,63.042,3.083,106.375
2018-06-21,0.0,1516.833,19.3,62.542,2.95,90.75
2018-06-22,0.0,1621.867,19.004,60.875,2.067,104.417
2018-06-23,0.0,1590.058,19.596,52.375,2.208,86.125
2018-06-24,0.0,1539.567,18.333,53.083,1.738,119.792
2018-06-25,0.0,1501.833,19.025,54.625,2.379,92.333
2018-06-26,0.0,1508.642,20.133,50.292,1.912,101.042
2018-06-27,0.0,1590.967,19.746,48.875,1.95,78.042
2018-06-28,0.0,1617.083,19.496,47.333,2.721,94.833
2018-06-29,0.0,1617.5,18.371,53.667,2.554,107.375
2018-06-30,0.0,1607.25,17.871,58.125,1.812,111.042
2018-07-01,0.0,1500.75,18.612,59.5,1.729,108.0
2018-07-02,0.0,1606.017,20.012,54.625,1.904,89.75
2018-07-03,0.0,1540.05,19.054,54.0,1.812,136.125
2018-07-04,0.0,1605.217,18.746,51.917,2.188,115.667
2018-07-05,0.0,1622.25,18.883,48.458,2.629,102.042
2018-07-06,0.0,1629.483,18.3,50.75,2.517,102.958
2018-07-07,0.0,1614.892,19.65,50.167,2.346,82.625
2018-07-08,0.0,1604.517,19.592,59.708,1.192,158.833
2018-07-09,0.0,1541.192,20.508,56.042,1.408,143.708
2018-07-10,0.0,1580.233,20.133,54.833,1.942,143.542
2018-07-11,0.0,1485.767,18.779,60.917,1.879,166.792
2018-07-12,0.0,1382.633,19.037,60.792,1.483,134.833
2018-07-13,0.0,1546.517,19.846,55.375,1.929,129.0
2018-07-14,0.0,1538.233,19.917,51.625,2.404,96.833
2018-07-15,0.0,1567.217,19.583,51.833,2.387,99.5
2018-07-16,0.0,1503.225,19.504,55.042,2.671,107.5
2018-07-17,0.0,1608.892,19.092,58.083,2.917,106.458
2018-07-18,0.0,1039.942,18.938,63.542,3.079,90.333
2018-07-19,0.0,1671.533,19.108,50.708,3.017,95.125
2018-07-20,0.0,1677.175,19.379,51.333,2.8,97.875
2018-07-21,0.0,1678.208,18.971,55.208,2.075,117.917
2018-07-22,0.0,1639.75,19.321,50.25,2.517,104.25
2018-07-23,0.0,1700.35,18.867,46.333,3.454,104.333
2018-07-24,0.0,1701.375,18.204,50.958,3.05,103.292
2018-07-25,0.0,1665.008,18.675,52.333,3.238,96.042
2018-07-26,0.0,1651.233,18.708,49.458,2.433,100.583
2018-07-27,0.0,1682.683,18.917,49.667,2.383,108.625
2018-07-28,0.0,1704.792,20.0,45.958,2.208,95.542
2018-07-29,0.0,1724.15,19.946,44.042,1.979,113.833
2018-07-30,0.0,1698.092,20.817,42.958,1.842,86.333
2018-07-31,0.0,1232.45,20.296,45.25,1.246,209.25
2018-08-01,0.0,1494.875,21.338,40.917,1.083,180.458
2018-08-02,0.0,1100.758,22.25,43.375,1.537,200.208
2018-08-03,0.0,1358.1,21.779,49.0,2.288,141.875
2018-08-04,0.0,1154.25,22.146,47.0,1.521,266.458
2018-08-05,0.0,1091.685,22.229,48.542,1.317,173.875
2018-08-06,0.0,1113.708,22.388,48.333,1.296,198.458
2018-08-07,0.0,1520.617,21.971,55.542,2.579,152.708
2018-08-08,0.0,1609.808,22.304,55.958,2.633,105.917
2018-08-09,0.092,852.875,21.242,63.542,1.704,131.375
2018-08-10,0.0,1211.358,21.329,63.25,1.271,184.5
2018-08-11,0.0,1794.292,22.421,47.875,1.9,217.667
2018-08-12,0.0,1863.517,21.096,26.583,1.783,179.583
2018-08-13,0.0,1810.275,21.417,27.75,1.746,140.5
2018-08-14,0.0,1760.942,22.275,34.042,1.871,128.208
2018-08-15,0.0,1647.933,22.521,41.667,1.771,127.792
2018-08-16,0.5,666.625,19.933,70.75,2.204,227.0
2018-08-17,0.0,775.554,18.129,80.208,2.912,81.0
2018-08-18,0.033,1308.4,18.996,72.833,2.929,97.458
2018-08-19,0.142,1620.723,20.1,65.458,2.317,110.292
2018-08-20,0.0,1593.592,21.029,53.375,2.738,101.625
2018-08-21,0.0,1900.817,21.2,43.417,2.367,107.792
2018-08-22,0.0,1811.175,22.025,45.667,2.429,112.333
2018-08-23,0.0,1736.025,22.904,43.042,2.592,99.583
2018-08-24,0.0,1735.654,23.767,39.375,2.929,81.042
2018-08-25,0.042,1349.762,22.933,44.833,1.85,149.792
2018-08-26,0.15,1517.329,22.662,52.833,2.725,139.958
2018-08-27,0.0,1706.923,22.213,53.833,3.4,120.917
2018-08-28,0.0,1821.162,21.05,51.792,4.75,93.25
2018-08-29,0.0,1758.015,20.817,47.708,3.371,87.417
2018-08-30,0.0,1878.8,21.488,41.083,3.283,85.042
2018-08-31,0.0,1865.854,21.904,38.708,2.692,89.5
2018-09-01,0.0,1857.962,23.054,35.875,2.262,74.125
2018-09-02,0.0,1856.785,23.617,35.708,2.1,74.542
2018-09-03,0.0,1644.0,23.471,40.75,2.054,266.0
2018-09-04,0.0,1833.631,21.412,44.625,2.658,237.667
2018-09-05,0.0,1878.338,19.638,44.125,2.471,199.708
2018-09-06,0.0,1806.677,22.204,37.958,2.2,118.125
2018-09-07,0.0,1837.038,23.508,45.583,3.058,114.333
2018-09-08,0.0,1962.069,22.167,39.875,3.05,115.792
2018-09-09,0.0,1985.738,22.35,29.333,2.971,100.625
2018-09-10,0.0,1979.854,22.5,29.25,2.296,87.083
2018-09-11,0.0,1800.831,22.846,29.958,1.975,124.917
2018-09-12,0.0,1707.5,24.842,25.792,1.9,112.708
2018-09-13,0.0,1699.015,25.246,31.0,2.8,62.167
2018-09-14,0.0,1856.783,24.017,38.625,2.417,136.042
2018-09-15,0.033,1141.892,21.425,66.083,2.042,139.458
2018-09-16,0.008,1360.223,23.333,56.917,1.483,165.917
2018-09-17,0.467,1174.669,20.592,73.208,2.333,161.083
2018-09-18,0.425,1167.292,20.463,74.458,1.479,130.583
2018-09-19,0.325,1681.938,21.688,70.625,2.646,103.875
2018-09-20,0.092,1393.342,22.4,63.917,1.817,128.708
2018-09-21,0.3,1356.192,21.358,70.667,1.758,143.25
2018-09-22,0.0,1654.569,23.612,55.25,1.7,184.458
2018-09-23,0.0,1983.477,24.304,45.625,1.954,135.667
2018-09-24,0.0,1933.031,25.812,43.25,2.446,90.917
2018-09-25,0.0,1955.208,25.542,42.458,1.854,143.417
2018-09-26,0.0,2044.569,25.625,31.583,2.092,88.542
2018-09-27,0.0,1882.408,25.188,32.208,1.896,150.375
2018-09-28,0.0,1753.192,25.546,36.417,1.629,146.833
2018-09-29,0.0,2114.983,26.658,41.0,1.746,135.958
2018-09-30,0.0,1986.033,25.675,43.583,2.058,215.75
2018-10-01,0.0,1162.269,23.292,60.5,2.55,182.792
2018-10-02,0.158,961.814,22.246,66.5,2.379,145.292
2018-10-03,0.0,1404.238,24.525,50.625,1.867,125.833
2018-10-04,0.0,1674.046,25.092,53.375,2.129,175.583
2018-10-05,0.317,1454.783,25.125,53.208,1.85,143.292
2018-10-06,0.067,1563.7,23.838,60.5,2.167,119.5
2018-10-07,0.017,1216.877,22.479,65.375,1.679,156.917
2018-10-08,0.0,1991.146,24.871,47.083,2.367,116.875
2018-10-09,0.0,1074.292,23.004,60.375,1.75,230.625
2018-10-10,0.0,1230.785,23.096,64.042,1.879,241.125
2018-10-11,0.0,1703.523,25.338,53.042,2.025,154.583
2018-10-12,0.0,2007.9,26.812,35.333,2.0,109.0
2018-10-13,0.0,1691.823,27.008,34.833,1.883,108.792
2018-10-14,0.2,1911.467,25.204,57.083,2.863,194.667
2018-10-15,0.242,698.962,22.375,75.833,1.367,141.333
2018-10-16,0.0,1576.315,23.575,66.958,2.329,119.125
2018-10-17,0.0,1206.4,22.579,71.125,1.871,155.292
2018-10-18,0.0,1599.577,23.304,67.875,1.775,194.25
2018-10-19,1.942,600.515,20.871,80.792,2.033,227.542
2018-10-20,2.133,1169.464,21.733,76.417,1.617,164.542
2018-10-21,0.842,1096.085,20.713,86.875,2.2,123.542
2018-10-22,0.217,805.247,20.296,86.583,2.562,77.333
2018-10-23,0.717,1105.415,20.771,84.167,2.196,122.708
2018-10-24,0.417,883.513,21.733,79.208,1.892,167.833
2018-10-25,0.75,837.771,20.392,85.125,2.171,159.917
2018-10-26,0.283,1322.0,22.342,74.625,1.65,157.542
2018-10-27,0.608,1674.864,23.867,70.542,2.238,255.417
2018-10-28,0.0,1784.536,23.612,63.25,2.221,233.375
2018-10-29,2.067,845.307,21.133,76.958,1.904,242.667
2018-10-30,0.008,1663.243,22.162,74.292,1.967,123.125
2018-10-31,0.408,1363.16,23.071,70.833,2.142,100.208
2018-11-01,0.433,902.543,20.921,83.458,1.471,210.5
2018-11-02,0.042,867.393,20.825,84.125,1.279,222.0
2018-11-03,1.55,1149.157,20.367,85.167,2.012,177.5
2018-11-04,0.0,1354.967,21.267,75.875,2.296,294.417
2018-11-05,0.0,1558.214,21.908,74.75,1.667,217.542
2018-11-06,0.483,403.921,19.808,88.5,1.838,146.417
2018-11-07,0.608,904.207,19.842,87.125,2.179,80.75
2018-11-08,1.142,773.207,19.896,86.75,2.021,204.083
2018-11-09,0.5,667.0,19.379,90.083,1.638,220.375
2018-11-10,0.575,379.886,18.862,91.833,1.992,166.5
2018-11-11,0.2,1633.1,20.917,78.083,1.692,274.292
2018-11-12,0.742,1742.664,22.154,76.0,1.846,121.167
2018-11-13,0.8,1549.507,21.554,78.833,2.125,135.25
2018-11-14,0.0,1508.864,22.45,74.375,1.658,139.917
2018-11-15,0.875,1450.75,22.221,76.708,1.7,188.542
2018-11-16,2.075,1115.569,20.958,87.292,1.708,186.417
2018-11-17,0.017,1480.779,21.396,82.833,2.333,82.375
2018-11-18,0.092,1654.229,22.746,74.375,2.088,90.417
2018-11-19,0.058,994.114,22.067,78.417,1.596,156.917
2018-11-20,0.142,884.6,20.404,86.583,1.933,148.875
2018-11-21,0.033,1143.514,20.85,80.875,2.071,138.5
2018-11-22,0.175,1052.886,20.083,81.583,2.604,98.417
2018-11-23,0.033,1314.493,21.508,74.292,1.963,65.417
2018-11-24,0.817,728.515,19.375,88.958,2.633,272.25
2018-11-25,1.042,327.629,18.438,93.0,2.271,255.833
2018-11-26,0.017,1232.971,19.829,86.5,2.35,106.75
2018-11-27,0.0,1496.25,20.883,78.167,3.321,85.917
2018-11-28,0.0,1860.007,21.488,70.875,3.821,94.167
2018-11-29,0.0,1840.8,22.6,62.75,2.375,77.167
2018-11-30,0.0,1046.707,21.646,73.5,1.642,152.375
2018-12-01,0.0,930.3,20.242,82.917,3.496,322.208
2018-12-02,0.1,1120.386,20.238,85.958,3.45,322.375
2018-12-03,0.383,680.043,19.65,90.792,3.271,313.375
2018-12-04,0.192,922.029,20.304,88.875,2.196,318.708
2018-12-05,0.0,954.414,21.821,81.625,1.758,263.625
2018-12-06,0.083,1673.95,22.6,76.875,1.896,178.458
2018-12-07,0.067,1516.486,22.108,79.25,1.929,160.375
2018-12-08,2.55,697.521,20.025,86.25,1.958,256.042
2018-12-09,0.433,1074.562,19.396,82.917,3.129,73.375
2018-12-10,0.0,1127.764,19.121,83.542,3.046,67.625
2018-12-11,0.0,1826.793,21.204,74.917,3.254,79.583
2018-12-12,0.0,1509.543,21.854,70.333,2.529,98.75
2018-12-13,0.0,1475.843,20.992,68.75,2.246,76.167
2018-12-14,0.0,1436.079,22.567,60.583,2.046,67.5
2018-12-15,0.017,1882.621,22.258,64.0,2.033,119.917
2018-12-16,0.0,1871.321,22.812,63.042,2.167,97.292
2018-12-17,0.0,2043.436,23.517,52.125,2.504,68.5
2018-12-18,0.0,2041.079,23.654,54.542,2.117,77.75
2018-12-19,0.0,2168.393,24.112,51.292,1.642,113.333
2018-12-20,0.0,1903.114,24.412,51.375,1.875,121.417
2018-12-21,0.0,1955.729,24.45,54.375,1.625,163.458
2018-12-22,0.467,1407.387,22.771,64.333,2.0,190.375
2018-12-23,0.967,1627.343,21.192,73.417,2.133,173.792
2018-12-24,0.333,1036.086,20.713,79.167,1.683,262.0
2018-12-25,0.0,1462.607,21.188,75.042,1.708,243.417
2018-12-26,0.042,1313.286,22.167,70.958,1.304,216.792
2018-12-27,1.033,1592.862,21.379,80.917,1.725,162.375
2018-12-28,0.058,1084.285,20.867,83.125,1.483,224.167
2018-12-29,0.208,1667.471,21.1,75.708,2.854,315.0
2018-12-30,0.0,1939.638,22.504,71.958,2.575,313.667
2018-12-31,1.375,879.469,21.358,80.667,1.963,272.792
2019-01-01,0.058,1192.792,20.521,82.208,1.592,168.25
2019-01-02,0.0,2300.977,22.717,71.042,2.071,122.25
2019-01-03,0.0,2053.046,24.342,56.208,2.108,96.708
2019-01-04,0.0,1704.6,23.425,61.375,1.833,106.167
2019-01-05,0.042,886.908,20.867,77.25,1.25,156.167
2019-01-06,0.0,1892.954,22.221,68.625,2.196,161.167
2019-01-07,0.4,2147.462,22.671,65.75,1.933,129.875
2019-01-08,0.0,1884.277,23.425,63.25,2.475,96.917
2019-01-09,0.0,2127.531,22.762,60.667,3.212,79.792
2019-01-10,0.108,1530.269,21.2,68.375,2.429,120.583
2019-01-11,0.25,963.454,19.933,82.333,1.9,164.292
2019-01-12,0.025,1309.415,21.333,78.792,1.787,198.875
2019-01-13,0.0,2030.808,22.342,71.458,2.258,121.167
2019-01-14,0.0,2164.954,23.454,62.458,2.312,121.542
2019-01-15,0.0,2196.715,23.504,59.75,1.854,113.667
2019-01-16,0.0,2304.869,24.029,63.292,1.912,145.958
2019-01-17,0.0,1646.131,23.425,67.208,2.183,127.542
2019-01-18,0.0,1680.954,22.492,67.792,2.092,149.208
2019-01-19,0.3,1978.946,23.308,65.917,2.029,146.125
2019-01-20,0.008,1923.554,23.821,65.167,1.479,153.167
2019-01-21,0.0,2297.838,24.454,58.167,2.029,136.792
2019-01-22,0.0,2186.831,25.213,54.083,2.483,113.708
2019-01-23,0.0,2274.031,25.658,51.958,2.575,97.708
2019-01-24,0.0,2080.885,25.046,52.083,2.333,95.125
2019-01-25,0.0,1297.777,22.496,68.333,2.233,264.083
2019-01-26,0.625,848.138,20.354,80.792,1.954,152.208
2019-01-27,0.042,1323.631,19.862,81.5,2.425,110.708
2019-01-28,0.0,2063.808,22.946,65.75,3.079,101.25
2019-01-29,0.0,2237.354,23.754,54.917,2.838,106.125
2019-01-30,0.0,2248.146,23.958,56.917,2.696,111.875
2019-01-31,0.0,2334.938,24.854,45.667,2.829,103.875
2019-02-01,0.0,2213.446,24.612,49.167,2.171,108.25
2019-02-02,0.0,2005.392,25.446,48.542,1.971,107.542
2019-02-03,0.0,2257.646,25.662,53.5,2.233,180.333
2019-02-04,0.333,1820.238,23.075,65.125,2.396,198.167
2019-02-05,0.033,1375.079,21.238,75.667,2.133,156.125
2019-02-06,0.6,918.938,20.888,83.667,1.583,164.042
2019-02-07,0.192,1127.323,21.233,81.708,1.367,166.708
2019-02-08,0.45,1087.108,21.45,85.375,1.433,167.833
2019-02-09,0.492,1668.285,21.775,83.75,1.862,114.0
2019-02-10,0.75,815.0,20.975,87.208,1.833,176.708
2019-02-11,0.8,1640.908,22.254,75.75,1.783,118.375
2019-02-12,0.008,1681.277,23.229,74.75,1.358,146.208
2019-02-13,0.0,1297.254,23.45,69.708,1.392,183.833
2019-02-14,0.092,1655.167,23.875,68.333,1.917,187.542
2019-02-15,0.008,1790.985,22.362,71.542,2.021,280.083
2019-02-16,0.383,1187.031,21.792,79.125,2.746,317.917
2019-02-17,0.108,813.808,19.804,88.625,3.446,324.083
2019-02-18,0.542,693.315,19.396,90.958,2.942,318.167
2019-02-19,0.183,1336.485,20.808,83.333,1.9,189.667
2019-02-20,0.0,1530.892,22.196,77.625,1.967,276.917
2019-02-21,0.0,1254.208,21.783,77.833,1.783,196.208
2019-02-22,0.692,1811.443,23.287,73.458,2.208,108.292
2019-02-23,0.017,1576.133,22.683,74.708,2.242,94.625
2019-02-24,0.0,1901.508,22.912,74.333,1.988,186.708
2019-02-25,0.525,1272.923,21.746,79.042,1.358,212.25
2019-02-26,0.0,1517.008,22.558,75.167,2.221,305.0
2019-02-27,0.0,1592.962,22.333,77.208,1.604,222.667
2019-02-28,1.083,948.062,20.875,84.542,1.621,242.208
2019-03-01,0.008,1528.231,21.308,81.792,2.138,183.583
2019-03-02,1.125,1026.762,20.683,83.5,2.025,269.125
2019-03-03,0.4,1180.923,19.992,86.542,1.562,150.292
2019-03-04,0.567,825.115,19.717,87.625,1.6,214.458
2019-03-05,1.117,993.623,20.083,87.792,2.0,146.417
2019-03-06,0.1,1313.015,20.188,84.458,2.167,102.5
2019-03-07,0.067,1392.3,21.421,78.167,1.629,141.917
2019-03-08,0.008,1944.862,22.267,75.625,1.783,136.417
2019-03-09,0.0,1955.346,23.442,70.375,2.471,128.625
2019-03-10,0.0,1834.4,22.733,72.292,1.675,174.292
2019-03-11,0.0,1464.215,21.283,78.167,2.067,152.5
2019-03-12,0.0,1636.8,22.612,73.875,1.933,120.917
2019-03-13,0.292,1472.562,22.037,76.667,1.404,187.583
2019-03-14,0.008,1474.792,22.683,73.458,1.758,174.125
2019-03-15,0.0,1657.438,23.812,71.583,1.5,138.958
2019-03-16,0.0,1743.131,23.304,71.417,1.787,152.042
2019-03-17,0.6,608.408,20.504,87.167,1.479,207.375
2019-03-18,0.0,1165.7,22.146,79.042,1.196,195.917
2019-03-19,0.092,1204.146,22.283,77.792,1.346,180.0
2019-03-20,0.692,977.486,22.783,77.208,1.496,192.042
2019-03-21,0.608,948.646,21.008,84.292,2.0,229.208
2019-03-22,0.008,1193.769,21.254,85.0,1.254,242.667
2019-03-23,0.933,1185.531,21.117,85.333,2.258,109.958
2019-03-24,0.0,1166.2,21.688,82.292,2.942,104.542
2019-03-25,0.158,959.033,21.358,84.417,2.846,107.917
2019-03-26,0.833,1216.654,21.025,86.25,2.992,88.958
2019-03-27,1.283,1125.829,21.0,85.542,2.454,93.458
2019-03-28,1.167,978.621,20.992,85.333,3.088,98.625
2019-03-29,0.0,1448.062,22.054,76.583,3.212,106.75
2019-03-30,0.0,1883.877,22.467,71.125,2.633,104.208
2019-03-31,0.0,1613.762,22.446,68.917,1.908,96.125
2019-04-01,0.0,1479.685,21.846,73.458,1.625,163.708
2019-04-02,0.0,1256.892,22.396,72.375,1.492,180.708
2019-04-03,0.125,1318.262,22.283,77.042,1.367,193.792
2019-04-04,0.133,1370.638,21.833,82.333,1.717,232.125
2019-04-05,0.317,1464.146,22.15,80.333,2.058,274.958
2019-04-06,0.217,683.446,21.0,87.5,1.317,154.0
2019-04-07,0.15,1199.638,20.833,84.875,1.225,124.375
2019-04-08,0.325,675.608,19.671,87.625,1.071,182.125
2019-04-09,0.058,1061.823,20.792,83.625,1.079,209.583
2019-04-10,0.0,1234.958,21.596,82.458,1.192,150.875
2019-04-11,2.417,1003.72,20.846,82.167,1.583,219.792
2019-04-12,2.1,1328.475,21.858,81.583,1.492,119.75
2019-04-13,1.933,1067.971,20.683,88.958,1.458,176.583
2019-04-14,0.008,1087.054,21.35,84.875,1.358,144.5
2019-04-15,1.9,991.707,21.958,84.417,1.758,115.208
2019-04-16,0.117,1101.631,21.571,82.875,1.921,167.542
2019-04-17,0.325,1115.892,21.629,80.792,1.175,198.625
2019-04-18,0.375,1353.262,21.504,81.292,1.004,190.25
2019-04-19,0.825,1443.362,21.621,80.333,1.533,153.25
2019-04-20,0.083,1563.25,21.963,79.708,1.338,144.458
2019-04-21,1.133,1582.342,21.708,80.583,1.492,143.458
2019-04-22,0.008,1298.167,21.662,80.083,1.325,120.917
2019-04-23,0.7,1369.65,20.679,84.042,1.725,183.083
2019-04-24,0.058,1612.317,21.183,80.292,2.162,111.208
2019-04-25,0.0,1575.023,21.725,69.958,2.667,101.333
2019-04-26,0.0,1303.485,21.571,71.667,2.896,101.0
2019-04-27,0.0,1615.254,22.088,70.333,2.229,85.083
2019-04-28,0.0,1499.185,22.733,68.0,1.642,141.667
2019-04-29,0.0,1424.677,22.321,70.0,1.3,213.875
2019-04-30,0.033,1346.725,22.046,77.167,1.892,122.75
2019-05-01,0.275,1377.017,20.671,84.25,1.479,147.917
2019-05-02,1.617,1145.35,21.488,84.292,1.771,196.75
2019-05-03,0.867,994.443,21.283,80.958,1.646,137.208
2019-05-04,0.0,1376.483,22.058,81.5,2.471,119.792
2019-05-05,0.0,1656.467,22.067,78.25,2.583,104.333
2019-05-06,0.0,1645.342,22.146,73.792,2.129,112.292
2019-05-07,0.0,1699.467,22.537,70.083,1.533,125.125
2019-05-08,0.0,1799.425,23.342,66.25,1.946,94.5
2019-05-09,0.0,1573.658,22.321,71.667,2.171,79.542
2019-05-10,0.0,1563.975,22.304,71.958,2.0,91.25
2019-05-11,0.0,1662.9,22.217,71.083,2.167,92.708
2019-05-12,0.0,1764.583,21.888,70.542,2.258,124.458
2019-05-13,0.0,1706.717,21.5,70.375,1.808,118.25
2019-05-14,0.0,1568.192,21.196,68.333,1.667,131.875
2019-05-15,0.0,1353.092,21.133,75.375,1.792,156.667
2019-05-16,0.058,624.55,18.95,83.792,2.225,98.125
2019-05-17,0.0,941.5,19.208,83.167,1.762,117.125
2019-05-18,0.0,1343.517,19.292,78.417,1.621,115.958
2019-05-19,0.0,1707.867,19.683,74.875,1.696,127.875
2019-05-20,0.0,1609.3,20.071,68.583,1.925,125.875
2019-05-21,0.0,1539.342,20.675,71.458,1.871,105.417
2019-05-22,0.0,1463.283,20.833,70.5,1.6,120.292
2019-05-23,0.0,1557.683,21.213,70.458,1.562,154.292
2019-05-24,0.0,1307.967,21.012,64.292,1.471,223.667
2019-05-25,0.0,1592.592,20.033,71.875,1.275,170.625
2019-05-26,0.0,1540.3,20.75,72.292,1.438,137.875
2019-05-27,0.0,1453.992,21.738,68.958,2.258,125.083
2019-05-28,0.0,1605.117,21.204,66.667,1.721,89.875
2019-05-29,0.0,1494.617,21.058,66.083,2.012,124.25
2019-05-30,0.0,1645.85,20.525,66.917,1.817,111.667
2019-05-31,0.0,1460.475,21.279,62.417,1.704,167.458
2019-06-01,0.0,1203.425,21.371,64.75,0.921,143.833
2019-06-02,0.0,1477.55,22.346,58.5,1.817,106.25
2019-06-03,0.333,1025.233,21.012,68.958,1.642,138.208
2019-06-04,0.0,1472.042,20.075,75.208,2.125,157.5
2019-06-05,0.0,1608.8,18.488,69.667,2.838,133.708
2019-06-06,0.0,1602.108,18.4,72.833,2.821,107.542
2019-06-07,0.0,1490.383,17.842,68.042,2.679,112.5
2019-06-08,0.0,1583.867,18.238,66.792,1.963,134.042
2019-06-09,0.0,1642.108,19.054,64.708,2.217,109.792
2019-06-10,0.0,1610.425,19.296,61.375,2.967,103.458
2019-06-11,0.0,1725.167,18.483,66.75,2.462,109.5
2019-06-12,0.0,1512.633,19.333,69.542,3.062,102.417
2019-06-13,0.0,1602.117,19.721,68.417,3.179,91.0
2019-06-14,0.0,1453.658,20.117,66.375,3.179,108.042
2019-06-15,0.0,1495.764,18.896,68.917,3.058,104.875
2019-06-16,0.0,1572.436,18.996,63.5,2.883,105.833
2019-06-17,0.0,1802.664,18.558,61.792,2.542,110.917
2019-06-18,0.0,1774.591,19.667,60.667,2.175,113.167
2019-06-19,0.0,1749.473,19.396,65.833,1.425,142.5
2019-06-20,0.0,1759.227,19.854,60.583,2.096,120.833
2019-06-21,0.0,1777.727,19.046,59.167,3.238,108.042
2019-06-22,0.0,1778.327,17.912,60.417,3.125,102.417
2019-06-23,0.0,1732.618,18.475,61.792,2.662,94.667
2019-06-24,0.0,1747.309,19.333,62.458,2.279,96.75
2019-06-25,0.0,1188.555,19.229,64.167,1.812,181.833
2019-06-26,0.0,1722.282,21.021,53.875,1.738,108.958
2019-06-27,0.0,1729.873,20.271,49.958,2.046,129.0
2019-06-28,0.0,1732.845,20.371,54.458,3.129,93.875
2019-06-29,0.0,1120.208,18.688,60.75,2.792,94.75
2019-06-30,0.0,1721.191,19.175,68.042,2.379,87.625
2019-07-01,0.0,1782.945,19.142,60.292,1.533,115.542
2019-07-02,0.0,1795.918,19.108,55.875,1.767,166.708
2019-07-03,0.0,1524.5,18.921,52.292,1.842,279.583
2019-07-04,0.0,1752.482,19.646,49.625,2.137,309.208
2019-07-05,0.0,1696.164,20.517,53.333,2.137,286.208
2019-07-06,0.0,1569.2,18.867,73.458,2.767,192.333
2019-07-07,0.0,1641.325,15.967,54.375,2.412,144.958
2019-07-08,0.0,1601.825,17.504,58.458,2.808,112.25
2019-07-09,0.0,1651.15,18.3,58.375,2.742,113.667
2019-07-10,0.0,1840.418,17.121,52.0,2.492,101.75
2019-07-11,0.0,1793.355,17.475,51.25,2.15,104.333
2019-07-12,0.0,1589.208,18.925,52.333,1.9,115.292
2019-07-13,0.0,1649.192,20.213,47.458,1.95,99.417
2019-07-14,0.0,1647.958,20.275,41.375,1.792,92.417
2019-07-15,0.0,1751.3,19.512,42.375,1.213,143.208
2019-07-16,0.0,1574.1,20.504,41.625,1.454,210.583
2019-07-17,0.0,1451.008,20.475,53.708,1.967,154.375
2019-07-18,0.0,1624.492,19.417,62.667,3.0,112.542
2019-07-19,0.0,1668.583,18.167,59.125,3.642,98.125
2019-07-20,0.0,1664.533,16.75,58.292,3.483,95.875
2019-07-21,0.0,1274.138,17.942,56.833,3.117,71.417
2019-07-22,0.0,1502.933,18.925,56.25,3.583,83.625
2019-07-23,0.0,1504.917,18.733,57.375,3.738,78.667
2019-07-24,0.0,1067.908,18.938,63.667,2.983,96.792
2019-07-25,0.0,1715.45,18.629,67.0,2.462,103.125
2019-07-26,0.0,1576.908,18.558,60.083,2.833,104.375
2019-07-27,0.0,1688.617,17.938,50.167,3.129,103.375
2019-07-28,0.0,1286.458,18.842,49.958,3.029,92.333
2019-07-29,0.0,1416.967,19.429,54.667,2.029,97.833
2019-07-30,0.0,1303.317,20.812,49.042,2.454,108.625
2019-07-31,0.0,1626.433,21.175,48.5,1.692,111.208
2019-08-01,0.0,1678.95,22.042,39.333,2.504,80.542
2019-08-02,0.0,1446.923,20.921,44.0,1.537,148.25
2019-08-03,0.0,1421.669,21.188,43.917,1.488,193.792
2019-08-04,0.0,1458.477,20.692,50.417,2.604,135.5
2019-08-05,0.0,1395.725,19.592,60.458,4.112,112.917
2019-08-06,0.0,710.131,18.429,68.542,4.329,90.375
2019-08-07,0.0,1614.054,18.721,65.208,3.542,102.875
2019-08-08,0.0,1677.092,19.846,50.958,2.892,103.417
2019-08-09,0.0,1537.108,20.442,56.292,2.408,86.25
2019-08-10,0.0,1481.415,21.05,54.583,1.992,93.792
2019-08-11,0.0,1316.1,22.279,49.167,2.479,93.5
2019-08-12,0.0,1688.723,22.975,38.542,2.608,94.042
2019-08-13,0.0,1694.354,21.758,40.125,2.454,112.333
2019-08-14,0.0,1722.192,20.838,39.542,3.083,108.125
2019-08-15,0.0,1595.985,19.862,45.875,4.121,99.75
2019-08-16,0.0,1621.115,18.967,56.167,3.892,98.25
2019-08-17,0.0,1543.331,19.767,50.167,3.0,102.958
2019-08-18,0.0,1465.923,21.492,44.25,2.2,123.542
2019-08-19,0.0,1435.638,23.342,37.125,1.512,126.042
2019-08-20,0.0,1362.277,23.758,33.25,1.808,117.833
2019-08-21,0.0,1623.462,23.0,36.208,1.933,123.667
2019-08-22,0.0,1605.885,22.467,42.708,2.021,117.417
2019-08-23,0.0,1433.415,23.05,42.125,1.804,128.583
2019-08-24,0.0,1659.792,22.238,39.917,2.4,132.5
2019-08-25,0.0,1705.062,23.05,38.625,3.0,101.583
2019-08-26,0.0,1727.292,21.575,45.875,3.296,100.042
2019-08-27,0.0,1711.3,21.058,47.375,3.25,90.5
2019-08-28,0.0,1732.115,21.454,45.875,2.812,102.292
2019-08-29,0.0,1451.715,22.029,44.083,2.867,109.292
2019-08-30,0.0,1655.038,22.583,42.417,2.404,100.208
2019-08-31,0.0,1651.408,24.375,38.0,2.167,94.625
2019-09-01,0.0,1532.731,24.875,34.167,2.058,81.958
2019-09-02,0.0,1517.046,23.858,34.25,1.483,148.375
2019-09-03,0.0,1781.346,26.096,30.75,2.771,79.5
2019-09-04,0.0,1868.915,26.15,26.292,3.233,94.125
2019-09-05,0.0,1886.977,25.092,26.292,3.387,89.625
2019-09-06,0.0,1815.585,23.943,31.217,4.183,82.0
2019-09-07,0.0,1516.738,22.426,52.957,3.948,81.522
2019-09-08,0.0,1830.308,22.992,51.5,3.529,90.875
2019-09-09,0.0,1814.838,24.1,42.542,2.717,81.083
2019-09-10,0.0,1864.654,25.254,31.708,2.362,89.042
2019-09-11,0.0,1885.354,25.575,29.208,2.438,94.417
2019-09-12,0.0,1849.023,26.025,25.292,2.229,82.042
2019-09-13,0.0,1885.138,26.842,21.625,2.754,94.75
2019-09-14,0.0,1870.477,25.775,25.333,3.008,114.625
2019-09-15,0.0,1938.923,24.304,32.917,3.342,88.875
2019-09-16,0.0,1960.992,24.746,31.208,3.475,78.792
2019-09-17,0.0,1894.469,24.608,32.25,2.125,91.75
2019-09-18,0.0,1702.285,25.65,24.667,2.096,82.917
2019-09-19,0.0,1786.677,26.096,21.087,2.078,98.87
2019-09-20,0.0,1462.022,29.918,21.0,1.818,134.545
2019-09-21,0.0,1764.558,27.025,27.417,1.792,117.042
2019-09-22,0.0,1867.558,27.35,28.792,2.408,86.875
2019-09-23,0.0,2019.292,25.362,34.208,4.25,87.167
2019-09-24,0.0,2059.308,23.396,48.833,3.838,86.292
2019-09-25,0.05,1259.6,24.204,41.5,2.462,70.833
2019-09-26,0.225,656.786,19.846,78.5,2.288,175.75
2019-09-27,0.0,1426.242,20.738,74.292,1.829,153.417
2019-09-28,0.017,1404.933,22.333,65.833,1.871,135.5
2019-09-29,0.133,1844.408,23.779,63.75,1.842,182.417
2019-09-30,0.0,1629.967,23.25,65.167,2.288,243.958
2019-10-01,0.0,2001.558,24.733,51.5,2.529,70.5
2019-10-02,0.0,2186.483,25.792,38.333,2.275,113.708
2019-10-03,0.0,2143.058,26.012,35.958,1.713,131.25
2019-10-04,0.0,2076.658,26.317,31.042,2.371,121.708
2019-10-05,0.033,1523.271,24.55,51.0,2.137,191.25
2019-10-06,0.0,1279.6,22.875,60.25,2.15,261.625
2019-10-07,0.0,1393.733,23.45,60.958,1.7,216.292
2019-10-08,0.033,1629.192,23.904,62.667,2.121,158.417
2019-10-09,0.092,1484.846,22.942,68.125,2.758,113.083
2019-10-10,0.017,1907.869,24.421,55.5,2.525,129.667
2019-10-11,0.025,1245.808,23.05,56.875,3.329,111.833
2019-10-12,0.0,1626.164,25.067,45.333,2.654,114.25
2019-10-13,0.0,2052.531,25.6,31.292,2.608,104.292
2019-10-14,0.0,1939.607,25.192,28.875,2.517,112.083
2019-10-15,0.0,1982.5,25.592,28.833,2.367,118.625
2019-10-16,0.0,1891.471,26.758,28.25,2.917,100.042
2019-10-17,0.0,1795.831,26.429,33.542,2.579,83.583
2019-10-18,0.0,2043.977,25.904,36.25,1.988,94.583
2019-10-19,0.0,2099.131,26.304,32.208,1.646,128.75
2019-10-20,0.0,1470.708,26.671,36.125,1.904,175.333
2019-10-21,0.025,677.621,22.704,64.458,2.229,242.0
2019-10-22,0.275,1324.385,21.958,72.042,2.133,234.0
2019-10-23,0.058,1216.662,21.408,78.458,1.754,185.25
2019-10-24,0.05,1070.736,21.404,76.917,1.817,116.625
2019-10-25,0.0,1562.679,23.888,61.792,1.9,125.458
2019-10-26,0.05,1729.538,22.933,65.292,2.396,193.917
2019-10-27,0.025,867.736,23.046,63.958,1.808,122.792
2019-10-28,0.017,1617.921,24.738,53.542,2.1,122.25
2019-10-29,0.042,1474.323,24.479,50.667,2.367,110.333
2019-10-30,0.208,1425.069,23.721,55.708,2.387,144.75
2019-10-31,0.0,2025.377,24.571,51.833,2.208,130.458
2019-11-01,0.0,1751.321,25.558,45.042,1.787,126.792
2019-11-02,0.0,1516.279,24.304,54.875,2.696,145.083
2019-11-03,0.25,1942.029,23.183,63.417,3.079,226.667
2019-11-04,0.475,1152.871,22.254,72.292,1.754,170.292
2019-11-05,0.0,897.957,22.942,66.042,1.404,225.417
2019-11-06,0.058,1800.554,23.192,68.75,2.25,235.625
2019-11-07,0.975,907.236,21.942,77.167,1.692,177.042
2019-11-08,0.0,1494.586,23.512,69.542,1.629,197.792
2019-11-09,0.0,2003.364,25.704,52.75,2.912,97.458
2019-11-10,0.0,1711.714,24.988,55.917,1.713,214.167
2019-11-11,0.0,1677.307,25.146,51.625,1.642,186.875
2019-11-12,0.0,1914.057,26.612,44.625,2.396,135.958
2019-11-13,0.0,1922.521,26.829,33.792,3.008,64.5
2019-11-14,0.0,1400.529,24.925,55.167,1.846,195.917
2019-11-15,0.0,1400.536,24.354,60.25,2.308,277.667
2019-11-16,0.008,1382.479,22.621,69.875,1.971,207.042
2019-11-17,2.767,970.264,21.279,77.833,1.896,236.833
2019-11-18,0.742,846.664,20.329,84.458,2.204,209.667
2019-11-19,0.1,1235.207,21.438,79.833,1.883,120.958
2019-11-20,0.392,1203.785,20.283,81.083,1.95,211.208
2019-11-21,0.258,1403.464,20.012,78.5,2.412,133.292
2019-11-22,0.267,1190.414,20.583,80.25,1.458,188.833
2019-11-23,0.992,1214.307,20.738,82.167,1.725,219.958
2019-11-24,0.033,1004.643,21.192,80.667,1.638,221.417
2019-11-25,1.067,881.393,20.262,85.292,1.279,187.333
2019-11-26,0.008,1462.271,22.121,77.958,1.996,122.833
2019-11-27,0.258,1137.079,21.954,80.125,2.546,157.0
2019-11-28,0.008,1353.357,22.283,79.667,2.412,251.083
2019-11-29,0.008,1876.314,22.988,72.167,2.625,288.25
2019-11-30,0.133,618.75,21.221,85.958,1.079,164.583
2019-12-01,0.075,1111.55,22.142,77.583,1.421,205.667
2019-12-02,0.008,1390.686,22.808,73.042,2.113,286.458
2019-12-03,0.808,838.343,21.567,81.333,1.658,290.167
2019-12-04,0.392,1030.579,21.525,84.5,1.508,217.625
2019-12-05,0.575,1609.915,22.371,79.833,2.292,284.75
2019-12-06,3.017,1167.507,21.571,82.333,2.038,232.875
2019-12-07,0.058,766.686,21.183,86.542,1.75,289.458
2019-12-08,0.483,1025.15,20.942,81.167,1.542,199.208
2019-12-09,0.0,1422.393,22.108,79.125,2.183,134.917
2019-12-10,2.575,1163.193,20.983,84.167,1.713,139.875
2019-12-11,0.008,1360.214,22.083,79.208,1.529,185.458
2019-12-12,0.0,1264.721,22.308,76.625,1.504,212.0
2019-12-13,0.017,1543.643,23.188,74.25,2.05,151.458
2019-12-14,1.192,1646.933,22.467,75.375,2.992,164.417
2019-12-15,0.0,2075.586,23.629,63.292,3.175,98.375
2019-12-16,0.0,2104.686,24.2,56.542,2.808,91.125
2019-12-17,0.0,1597.45,23.379,57.5,1.662,109.875
2019-12-18,0.492,1646.257,22.083,73.125,1.958,185.0
2019-12-19,0.483,915.607,20.808,83.792,1.85,164.542
2019-12-20,0.0,1671.221,23.238,71.375,2.625,93.25
2019-12-21,0.0,1721.136,23.492,68.042,1.729,128.25
2019-12-22,0.0,1466.607,23.45,68.625,1.942,149.583
2019-12-23,0.45,1364.973,22.108,73.083,2.271,160.25
2019-12-24,0.183,1023.367,20.492,79.917,1.921,115.375
2019-12-25,0.0,1323.443,21.713,75.292,1.829,119.792
2019-12-26,0.0,1418.021,22.833,73.708,1.683,101.375
2019-12-27,0.008,1800.35,23.662,68.583,2.825,103.667
2019-12-28,0.0,2071.429,23.871,60.5,3.058,108.167
2019-12-29,0.0,2174.014,24.138,59.833,2.525,119.375
2019-12-30,0.0,1644.936,24.017,58.75,2.217,103.583
2019-12-31,0.35,943.329,21.562,75.875,1.562,232.917
2020-01-01,0.017,944.493,21.162,80.958,1.517,247.625
2020-01-02,0.0,1350.621,21.879,80.0,2.783,303.708
2020-01-03,1.308,1382.633,21.396,82.542,2.625,300.542
2020-01-04,0.817,931.114,20.3,89.5,3.438,325.75
2020-01-05,2.392,425.687,19.121,93.417,2.133,311.958
2020-01-06,0.042,1281.74,20.796,84.458,3.758,317.083
2020-01-07,0.0,1739.592,22.125,78.917,2.887,328.333
2020-01-08,0.125,1086.693,22.429,81.083,1.796,271.25
2020-01-09,0.5,1205.962,21.346,84.042,1.542,241.25
2020-01-10,0.008,2088.693,22.767,76.458,1.925,154.208
2020-01-11,0.025,2137.164,24.433,66.542,1.854,105.75
2020-01-12,0.0,2135.285,24.213,59.25,1.321,127.667
2020-01-13,0.0,2003.593,24.458,56.917,1.696,160.833
2020-01-14,0.0,2211.523,24.963,61.083,1.954,176.042
2020-01-15,0.0,2155.346,25.008,59.625,2.033,120.708
2020-01-16,0.0,2020.854,25.512,58.042,1.983,87.042
2020-01-17,0.033,1558.077,24.05,64.583,1.987,135.875
2020-01-18,0.033,958.062,21.633,80.667,2.088,134.5
2020-01-19,0.0,1888.015,23.821,70.0,1.804,166.625
2020-01-20,0.2,1320.536,23.225,76.458,1.792,276.208
2020-01-21,0.408,1367.369,22.025,83.292,2.583,293.083
2020-01-22,0.042,707.792,20.396,89.25,2.988,324.625
2020-01-23,0.35,1059.646,20.542,88.75,3.571,324.208
2020-01-24,0.533,948.162,20.125,92.208,4.337,325.125
2020-01-25,1.692,607.238,19.988,92.125,4.092,323.792
2020-01-26,3.867,930.008,20.196,91.708,2.496,304.417
2020-01-27,0.392,1320.885,20.883,88.042,2.392,304.5
2020-01-28,0.167,1688.469,20.754,85.292,3.283,312.875
2020-01-29,0.008,1764.846,22.167,75.75,1.904,185.917
2020-01-30,0.0,1777.746,22.933,74.125,1.483,171.167
2020-01-31,0.0,2161.246,23.963,67.875,1.842,126.625
2020-02-01,0.0,1946.038,23.825,64.042,1.483,108.917
2020-02-02,0.0,2125.938,24.15,66.458,2.012,121.125
2020-02-03,0.233,2065.177,23.842,68.917,2.092,162.5
2020-02-04,0.725,1779.254,21.592,78.625,2.158,257.875
2020-02-05,0.0,1628.754,22.25,74.292,1.738,285.625
2020-02-06,1.3,872.169,20.421,88.0,1.787,216.458
2020-02-07,0.983,701.085,18.779,91.417,3.562,83.083
2020-02-08,1.058,550.469,18.604,93.667,3.108,25.542
2020-02-09,0.342,948.35,19.104,88.083,4.158,206.375
2020-02-10,0.058,1780.062,21.088,79.125,2.825,308.917
2020-02-11,0.117,1370.562,21.771,80.583,1.167,189.167
2020-02-12,0.117,1200.054,21.762,81.75,1.821,121.542
2020-02-13,0.108,1714.646,21.475,81.917,1.946,219.667
2020-02-14,0.225,1035.8,22.021,81.458,1.292,206.458
2020-02-15,0.058,1296.054,21.883,80.25,1.683,183.75
2020-02-16,0.0,1700.577,22.621,78.0,1.612,143.667
2020-02-17,0.0,1733.962,23.238,74.083,2.25,106.5
2020-02-18,0.0,1493.085,23.317,68.625,1.912,89.5
2020-02-19,0.183,1482.054,23.262,71.458,1.838,117.083
2020-02-20,0.042,1743.308,22.242,80.625,1.971,224.333
2020-02-21,0.75,1660.831,22.096,77.75,1.967,279.125
2020-02-22,0.15,1273.585,22.492,78.167,1.242,235.583
2020-02-23,0.008,1106.731,21.804,81.792,1.488,170.875
2020-02-24,0.858,756.577,20.55,88.375,1.296,228.458
2020-02-25,0.008,1257.1,21.183,85.125,1.596,97.292
2020-02-26,0.108,1137.5,21.171,86.042,1.575,210.875
2020-02-27,0.0,1918.146,22.688,75.667,2.113,233.0
2020-02-28,0.442,976.577,21.558,85.708,1.454,191.625
2020-02-29,0.217,1095.254,20.238,88.458,1.35,159.5
2020-03-01,0.117,1315.4,21.05,84.292,1.383,231.167
2020-03-02,0.35,1236.8,21.458,85.333,1.754,287.292
2020-03-03,1.158,1661.5,21.479,82.417,1.963,148.5
2020-03-04,0.0,1432.785,22.104,79.083,2.0,312.417
2020-03-05,0.725,1087.262,21.338,85.125,1.521,253.542
2020-03-06,1.25,528.179,19.3,92.958,2.096,211.583
2020-03-07,0.433,1151.592,20.279,88.5,1.646,270.625
2020-03-08,0.025,1648.008,21.575,81.083,1.55,132.25
2020-03-09,0.85,1047.487,21.796,81.042,1.779,153.375
2020-03-10,0.0,1583.154,22.854,75.0,2.758,97.958
2020-03-11,0.0,1343.054,22.446,75.667,2.492,76.75
2020-03-12,0.0,1620.354,21.875,80.375,2.108,55.292
2020-03-13,0.0,1556.9,22.562,75.125,2.642,98.708
2020-03-14,0.0,1414.162,22.971,71.458,2.933,78.75
2020-03-15,0.0,1428.485,22.696,70.042,2.992,82.208
2020-03-16,0.0,1681.308,21.458,67.5,1.562,60.375
2020-03-17,0.0,1405.377,21.779,72.583,1.421,109.417
2020-03-18,0.0,1889.931,23.575,67.625,1.171,180.458
2020-03-19,0.0,1618.285,23.104,73.833,1.512,267.833
2020-03-20,1.758,1565.777,21.596,81.625,2.579,286.917
2020-03-21,0.008,1236.823,21.333,84.0,2.921,324.125
2020-03-22,0.842,1388.238,21.354,85.458,2.142,284.208
2020-03-23,0.192,951.585,21.517,87.458,1.213,191.083
2020-03-24,0.842,761.223,19.896,91.708,2.467,108.5
2020-03-25,1.208,795.023,19.742,90.667,2.617,139.042
2020-03-26,1.308,870.847,19.496,92.167,2.358,91.167
2020-03-27,0.233,805.944,20.575,87.208,2.492,86.5
2020-03-28,0.475,853.262,20.754,85.125,2.158,75.375
2020-03-29,0.008,1544.377,22.079,77.958,2.637,102.5
2020-03-30,0.0,1958.954,22.838,69.625,2.733,92.917
2020-03-31,0.0,1981.2,22.925,66.667,2.233,94.917
2020-04-01,0.0,1708.692,23.571,64.458,1.846,75.125
2020-04-02,0.0,1730.262,24.188,64.875,1.867,172.708
2020-04-03,0.0,1768.623,24.058,68.958,2.054,278.25
2020-04-04,0.0,1751.2,23.792,71.583,1.933,285.792
2020-04-05,0.258,1261.838,23.375,76.75,1.508,156.125
2020-04-06,0.183,1153.943,22.85,81.75,1.496,136.292
2020-04-07,0.075,1300.967,21.846,84.875,1.2,151.292
2020-04-08,0.733,1016.915,21.342,86.792,1.458,193.292
2020-04-09,0.367,1357.723,21.525,83.042,1.458,197.208
2020-04-10,0.667,1481.133,22.762,72.542,1.488,175.333
2020-04-11,0.05,1402.369,22.325,74.083,1.304,179.625
2020-04-12,0.025,1448.354,22.062,77.875,1.383,182.542
2020-04-13,0.15,1535.1,22.112,79.917,1.938,166.458
2020-04-14,0.0,1587.433,21.267,78.083,2.325,75.417
2020-04-15,0.392,410.185,19.262,86.417,1.85,116.833
2020-04-16,1.233,506.114,19.188,92.917,2.454,103.208
2020-04-17,0.017,1064.638,21.025,84.792,2.8,111.125
2020-04-18,0.342,983.525,20.921,85.917,2.012,109.75
2020-04-19,0.0,1340.154,21.05,83.0,2.721,100.917
2020-04-20,0.008,919.958,20.575,83.708,2.654,97.333
2020-04-21,0.225,1036.838,19.958,87.958,2.008,108.167
2020-04-22,0.992,792.575,19.596,90.917,1.583,96.5
2020-04-23,1.717,604.733,19.933,90.792,2.075,97.25
2020-04-24,0.058,1196.775,20.683,85.083,2.421,81.583
2020-04-25,0.0,1705.485,20.421,77.542,3.3,97.042
2020-04-26,0.0,1864.042,19.512,74.042,2.588,108.667
2020-04-27,0.0,1948.508,20.079,73.042,3.058,101.333
2020-04-28,0.0,1917.217,19.713,71.208,2.692,95.125
2020-04-29,0.0,1892.05,19.442,70.208,1.938,113.583
2020-04-30,0.0,1614.475,19.938,68.542,1.825,113.25
2020-05-01,0.0,1742.492,19.871,68.5,1.45,130.375
2020-05-02,0.0,1857.608,19.988,65.333,1.288,151.167
2020-05-03,0.0,1845.125,19.504,63.167,1.225,132.75
2020-05-04,0.0,1723.667,19.708,57.917,1.371,128.875
2020-05-05,0.0,1699.717,20.442,62.5,1.692,138.625
2020-05-06,0.0,1226.225,20.15,73.583,1.308,121.542
2020-05-07,0.0,699.067,19.25,81.042,1.45,168.708
2020-05-08,0.0,1285.117,19.392,82.167,2.462,136.75
2020-05-09,0.0,872.767,18.158,83.417,2.933,102.25
2020-05-10,0.0,1700.567,18.679,74.792,2.496,96.208
2020-05-11,0.0,1791.35,18.817,68.75,2.392,114.125
2020-05-12,0.0,1298.667,19.221,66.042,2.338,72.875
2020-05-13,0.0,1347.8,19.767,73.0,1.996,169.458
2020-05-14,0.258,942.433,19.246,81.458,1.142,167.542
2020-05-15,0.058,892.917,20.05,84.292,1.188,169.333
2020-05-16,0.883,908.425,19.525,88.292,1.208,162.792
2020-05-17,0.008,1118.875,19.196,87.0,2.012,135.542
2020-05-18,0.0,1295.242,19.954,80.958,2.592,114.375
2020-05-19,0.0,1174.567,19.154,76.625,2.838,106.292
2020-05-20,0.0,875.258,19.004,81.167,3.096,98.042
2020-05-21,0.0,1685.717,19.35,75.625,2.613,86.833
2020-05-22,0.0,1410.808,20.383,73.417,2.288,77.167
2020-05-23,0.0,1323.167,21.171,71.958,1.629,116.875
2020-05-24,0.0,1051.475,20.383,84.0,1.779,182.417
2020-05-25,0.008,1002.008,20.529,81.75,1.729,227.917
2020-05-26,0.0,1537.183,19.138,73.333,1.713,253.5
2020-05-27,0.0,1697.183,16.888,60.583,1.512,176.042
2020-05-28,0.0,1691.742,16.938,65.417,1.471,111.458
2020-05-29,0.0,1719.625,17.196,61.583,2.404,105.833
2020-05-30,0.0,1647.658,16.871,65.25,2.175,103.667
2020-05-31,0.0,1649.575,17.071,65.0,1.642,113.625
2020-06-01,0.0,1606.742,17.787,66.958,1.546,146.917
2020-06-02,0.0,1402.408,18.642,71.75,1.604,208.292
2020-06-03,0.0,1467.283,20.108,71.083,1.683,123.833
2020-06-04,0.0,1429.533,20.858,72.625,2.637,104.458
2020-06-05,0.0,1497.525,20.758,73.458,2.396,96.417
2020-06-06,0.0,1488.2,20.625,71.958,1.713,106.792
2020-06-07,0.0,1596.775,20.496,69.708,2.238,98.917
2020-06-08,0.0,1579.875,19.829,72.458,2.062,112.167
2020-06-09,0.0,1560.442,20.213,66.917,2.146,94.292
2020-06-10,0.0,1344.075,19.271,62.75,1.642,75.958
2020-06-11,0.0,1350.342,19.588,63.042,1.375,97.958
2020-06-12,0.0,1568.367,19.975,60.708,1.658,97.542
2020-06-13,0.0,1315.683,19.662,60.125,1.642,122.5
2020-06-14,0.0,1590.625,19.133,60.708,2.525,115.333
2020-06-15,0.0,1568.35,18.954,61.417,3.867,96.083
2020-06-16,0.0,886.108,17.617,76.792,4.05,95.125
2020-06-17,0.0,890.933,17.517,76.583,4.096,96.583
2020-06-18,0.0,964.233,17.046,79.542,2.996,87.042
2020-06-19,0.0,1566.183,18.283,70.542,2.637,103.875
2020-06-20,0.0,1624.8,19.1,70.875,2.371,109.958
2020-06-21,0.0,1624.958,19.767,56.333,2.821,89.458
2020-06-22,0.0,1644.517,17.721,57.833,2.454,106.292
2020-06-23,0.0,1604.017,18.008,59.917,2.217,83.333
2020-06-24,0.0,1353.783,19.458,71.542,2.417,78.958
2020-06-25,0.0,1425.508,20.183,63.042,1.812,80.208
2020-06-26,0.0,1466.733,19.417,60.0,1.45,112.292
2020-06-27,0.0,1393.5,19.713,56.083,1.438,118.208
2020-06-28,0.0,1563.633,18.812,62.875,1.992,120.833
2020-06-29,0.0,1420.508,17.933,67.792,2.996,105.75
2020-06-30,0.0,1326.333,18.242,59.25,2.55,154.792
2020-07-01,0.0,1413.7,18.346,65.25,1.55,283.917
2020-07-02,0.0,1205.25,19.283,65.5,1.271,175.417
2020-07-03,0.0,1355.175,20.088,60.792,1.429,167.458
2020-07-04,0.0,1568.033,20.588,51.75,2.308,125.042
2020-07-05,0.0,1596.75,19.612,60.792,2.512,99.625
2020-07-06,0.0,1607.817,18.417,61.125,2.412,115.542
2020-07-07,0.0,1598.558,19.45,54.5,2.429,72.292
2020-07-08,0.0,1528.8,18.817,60.417,1.579,181.375
2020-07-09,0.0,1606.108,19.142,56.875,1.558,102.833
2020-07-10,0.0,1647.908,19.938,46.5,3.158,88.75
2020-07-11,0.0,1450.775,19.846,55.333,2.379,79.625
2020-07-12,0.0,1613.992,20.162,49.833,2.179,99.667
2020-07-13,0.0,1629.733,18.467,56.292,1.758,124.75
2020-07-14,0.0,1635.55,18.858,47.125,2.038,110.833
2020-07-15,0.0,1637.55,19.938,43.833,2.725,88.208
2020-07-16,0.0,1653.15,19.787,41.125,3.275,88.708
2020-07-17,0.0,1590.7,18.771,54.375,2.5,105.167
2020-07-18,0.0,1615.917,18.496,57.625,3.296,99.708
2020-07-19,0.0,1648.475,17.417,56.125,3.179,82.833
2020-07-20,0.0,1698.642,18.692,56.542,3.533,83.667
2020-07-21,0.0,1671.042,18.904,58.792,2.704,79.875
2020-07-22,0.0,1646.95,19.808,57.167,2.383,88.083
2020-07-23,0.0,1695.992,19.058,49.583,2.45,88.0
2020-07-24,0.0,1658.608,18.971,51.125,2.512,78.208
2020-07-25,0.0,1658.067,19.308,57.833,2.258,102.583
2020-07-26,0.0,1721.983,18.925,56.417,2.988,97.708
2020-07-27,0.0,1639.942,19.304,60.917,3.146,85.667
2020-07-28,0.0,1168.162,20.042,60.5,2.667,78.208
2020-07-29,0.0,1596.517,21.004,48.0,2.133,93.0
2020-07-30,0.0,1710.333,20.479,44.0,2.446,119.083
2020-07-31,0.0,1560.062,18.504,48.292,3.562,112.208
2020-08-01,0.0,1506.308,18.054,60.958,3.838,102.083
2020-08-02,0.0,1521.431,18.142,58.25,3.383,105.208
2020-08-03,0.0,1480.262,17.667,56.208,3.779,93.875
2020-08-04,0.0,1660.031,17.271,49.542,4.071,91.875
2020-08-05,0.0,1533.7,16.879,54.542,4.004,96.125
2020-08-06,0.0,1470.115,17.188,56.917,4.042,98.042
2020-08-07,0.0,1169.015,17.283,55.917,3.567,99.458
2020-08-08,0.0,1454.577,17.846,59.042,3.188,97.083
2020-08-09,0.0,1288.515,18.037,55.208,2.521,110.125
2020-08-10,0.0,1398.815,19.967,52.167,2.508,87.375
2020-08-11,0.0,1548.662,21.179,46.542,2.45,102.542
2020-08-12,0.0,1663.123,21.746,43.458,2.725,77.917
2020-08-13,0.0,1670.869,21.5,45.667,2.442,78.125
2020-08-14,0.0,1685.615,22.037,47.458,2.404,70.917
2020-08-15,0.0,1663.538,22.108,47.792,1.721,146.125
2020-08-16,0.0,1392.308,22.308,49.917,1.117,143.125
2020-08-17,0.0,1604.754,23.883,42.875,1.833,92.208
2020-08-18,0.0,1675.715,24.012,45.292,2.154,87.333
2020-08-19,0.0,1671.8,24.15,44.042,2.292,79.5
2020-08-20,0.0,1582.85,23.179,47.708,1.512,173.667
2020-08-21,0.0,1379.077,22.021,53.333,2.346,175.458
2020-08-22,0.0,1392.446,19.562,64.292,3.079,143.458
2020-08-23,0.0,1296.854,18.617,72.458,3.004,119.792
2020-08-24,0.0,1626.454,20.012,63.708,3.117,127.0
2020-08-25,0.0,1736.192,19.917,54.083,2.858,120.167
2020-08-26,0.0,1838.062,18.721,39.417,2.292,112.5
2020-08-27,0.0,1825.569,20.142,30.458,2.683,101.542
2020-08-28,0.0,1799.408,21.067,37.125,3.188,93.75
2020-08-29,0.0,1785.146,21.846,41.417,2.542,93.083
2020-08-30,0.0,1786.977,22.858,38.542,2.238,93.375
2020-08-31,0.0,1782.823,23.804,36.042,3.029,91.292
2020-09-01,0.0,1783.431,23.479,35.75,3.229,92.208
2020-09-02,0.0,1810.438,21.592,40.25,3.596,89.417
2020-09-03,0.0,1841.385,21.162,42.125,3.092,94.875
2020-09-04,0.0,1840.846,21.846,41.5,2.608,92.042
2020-09-05,0.0,1863.477,22.492,36.083,2.929,82.625
2020-09-06,0.0,1865.069,22.783,37.625,2.683,97.292
2020-09-07,0.0,1861.646,23.679,35.875,2.804,93.667
2020-09-08,0.0,1858.977,23.479,38.167,2.088,99.167
2020-09-09,0.0,1875.108,24.071,37.417,2.792,93.917
2020-09-10,0.0,1900.992,23.458,32.667,2.488,83.25
2020-09-11,0.0,1914.823,24.442,26.75,3.038,87.375
2020-09-12,0.0,1852.115,24.021,27.792,3.296,89.917
2020-09-13,0.0,1898.531,22.825,35.292,3.579,81.625
2020-09-14,0.0,1630.146,22.438,42.125,2.137,79.208
2020-09-15,0.0,1906.8,24.012,33.5,3.033,102.125
2020-09-16,0.0,1752.569,23.004,32.958,2.608,77.25
2020-09-17,0.0,1678.685,23.379,36.458,2.113,111.708
2020-09-18,0.0,1460.946,24.7,36.458,1.312,151.792
2020-09-19,0.0,1366.154,26.054,30.792,1.388,182.583
2020-09-20,0.0,1546.177,26.529,28.917,1.65,105.5
2020-09-21,1.058,823.592,23.25,50.75,2.308,149.875
2020-09-22,0.075,903.883,20.171,72.417,2.338,162.167
2020-09-23,0.108,723.671,19.354,81.792,2.129,134.792
2020-09-24,0.0,1566.915,21.333,73.375,3.1,111.542
2020-09-25,0.0,2031.754,23.329,54.333,2.521,105.708
2020-09-26,0.0,2075.331,24.296,39.5,2.475,100.0
2020-09-27,0.0,2069.285,25.692,32.75,1.792,81.125
2020-09-28,0.0,2026.038,25.9,30.208,1.738,92.708
2020-09-29,0.0,2015.354,26.258,28.583,2.225,90.125
2020-09-30,0.0,1729.746,27.542,23.75,3.033,79.083
2020-10-01,0.0,2006.946,26.783,30.167,3.021,81.083
2020-10-02,0.0,2084.369,26.383,26.375,2.533,69.958
2020-10-03,0.0,2041.362,26.821,26.125,1.929,126.792
2020-10-04,0.0,2053.215,27.35,25.958,2.125,119.125
2020-10-05,0.0,1985.854,27.358,23.5,3.067,83.25
2020-10-06,0.0,1964.846,27.254,30.917,2.492,70.667
2020-10-07,0.0,2019.292,27.754,30.375,2.271,68.208
2020-10-08,0.0,1863.946,28.046,26.375,1.479,173.25
2020-10-09,0.0,1298.862,27.617,28.833,1.946,267.292
2020-10-10,0.0,1369.908,27.117,42.542,2.417,283.25
2020-10-11,0.0,926.269,22.271,68.708,3.067,243.125
2020-10-12,0.0,1653.615,23.4,63.0,1.867,166.0
2020-10-13,0.0,1218.815,23.204,62.542,2.092,151.208
2020-10-14,0.208,1386.654,22.825,66.708,2.096,130.167
2020-10-15,0.0,1459.314,23.704,57.875,1.629,147.75
2020-10-16,0.0,1638.662,24.758,53.125,2.3,146.708
2020-10-17,0.0,1679.877,24.929,52.125,2.821,113.792
2020-10-18,1.733,1389.625,23.8,58.875,2.925,110.375
2020-10-19,1.317,385.243,19.012,91.042,2.425,99.0
2020-10-20,0.117,701.338,19.829,86.0,2.429,102.875
2020-10-21,0.067,1328.071,20.812,83.292,1.921,149.667
2020-10-22,0.058,1048.379,21.783,78.042,1.713,114.208
2020-10-23,0.375,829.521,20.787,80.542,2.529,118.875
2020-10-24,0.85,936.577,20.125,85.75,2.637,269.083
2020-10-25,0.0,1649.854,22.133,73.833,3.212,296.208
2020-10-26,0.55,400.307,20.95,82.917,2.225,302.708
2020-10-27,0.283,1284.007,22.083,76.5,2.146,270.417
2020-10-28,0.017,751.062,20.842,82.292,2.042,218.292
2020-10-29,0.0,1228.264,22.138,73.875,1.588,174.417
2020-10-30,1.225,1132.829,22.283,76.5,1.787,196.75
2020-10-31,0.25,569.286,20.213,88.667,2.212,295.25
2020-11-01,0.317,743.208,19.871,86.458,1.742,292.917
2020-11-02,0.017,1465.85,20.746,81.833,1.971,227.208
2020-11-03,3.292,1272.94,19.329,86.5,1.983,102.25
2020-11-04,0.008,1094.68,20.512,78.417,1.475,139.0
2020-11-05,0.217,1697.307,21.875,69.125,1.679,83.708
2020-11-06,0.042,1450.121,22.908,65.667,1.787,164.25
2020-11-07,0.167,1891.371,22.525,72.083,2.354,185.917
2020-11-08,0.05,1806.893,23.588,65.583,2.271,103.083
2020-11-09,0.0,1217.564,23.746,62.292,1.921,111.0
2020-11-10,0.0,1664.664,22.129,71.125,2.233,185.292
2020-11-11,0.2,1531.321,22.004,72.333,1.667,126.958
2020-11-12,1.25,973.414,21.354,80.667,1.596,244.875
2020-11-13,0.075,671.764,20.942,84.375,1.196,139.417
2020-11-14,0.333,920.479,21.054,86.458,1.537,178.208
2020-11-15,0.233,1181.8,21.529,80.583,1.421,187.458
2020-11-16,0.658,1732.7,22.308,76.542,1.675,222.375
2020-11-17,0.725,1133.577,20.6,85.458,1.921,259.708
2020-11-18,0.008,1298.571,21.958,78.333,1.975,313.333
2020-11-19,1.608,546.223,19.862,86.958,2.45,310.208
2020-11-20,0.008,1639.4,21.275,79.542,1.862,285.792
2020-11-21,0.158,2016.636,23.333,69.458,1.946,159.792
2020-11-22,0.0,1771.971,23.15,72.083,2.879,91.25
2020-11-23,0.0,943.707,21.196,80.583,3.142,116.458
2020-11-24,0.025,1686.185,20.925,75.0,3.617,83.083
2020-11-25,0.025,1122.336,19.287,79.792,3.396,90.292
2020-11-26,0.0,1828.614,20.946,70.458,3.062,88.292
2020-11-27,0.0,2067.3,22.0,62.917,3.133,91.75
2020-11-28,0.0,2019.907,22.642,61.0,3.371,94.375
2020-11-29,0.0,1973.493,22.071,58.833,3.225,90.667
2020-11-30,0.0,1845.164,22.417,56.542,2.354,61.0
2020-12-01,0.0,1978.871,22.942,57.333,1.675,110.667
2020-12-02,0.0,1722.514,23.933,55.292,1.658,193.0
2020-12-03,0.0,1697.279,24.696,53.917,2.108,288.875
2020-12-04,0.0,1800.957,24.362,60.167,2.379,133.333
2020-12-05,0.008,1416.443,22.958,71.667,1.729,220.125
2020-12-06,0.067,1082.586,21.779,78.5,1.946,150.833
2020-12-07,0.392,1153.814,21.95,80.0,1.679,252.958
2020-12-08,0.117,1426.714,22.662,75.458,2.212,299.125
2020-12-09,0.45,1217.95,21.025,81.167,1.779,265.625
2020-12-10,0.017,1328.086,20.588,78.208,2.683,286.792
2020-12-11,0.683,1047.107,19.575,84.958,1.671,204.542
2020-12-12,0.133,1206.086,20.5,87.167,1.442,170.583
2020-12-13,0.0,1904.014,22.517,73.125,1.963,127.0
2020-12-14,0.0,2097.629,23.713,52.083,1.679,104.25
2020-12-15,0.0,2219.493,24.658,52.958,2.062,117.5
2020-12-16,0.0,1877.657,23.7,56.833,1.971,119.917
2020-12-17,0.0,2107.743,24.058,59.042,1.917,113.208
2020-12-18,0.0,2124.686,25.354,47.208,2.096,71.792
2020-12-19,0.308,1140.729,22.767,64.208,1.467,207.875
2020-12-20,0.05,1108.969,22.004,76.792,1.875,180.0
2020-12-21,0.158,1861.6,22.396,77.958,2.338,174.917
2020-12-22,1.267,1109.546,20.696,87.417,1.696,260.5
2020-12-23,0.733,1413.308,20.963,85.375,2.392,277.208
2020-12-24,0.667,1451.95,21.179,80.875,2.688,281.375
2020-12-25,0.55,1172.746,20.929,83.667,2.5,182.0
2020-12-26,0.833,1274.777,20.279,87.417,1.85,212.042
2020-12-27,0.008,1175.915,20.633,83.125,1.379,197.583
2020-12-28,0.0,1772.431,22.058,74.292,2.346,118.167
2020-12-29,0.0,1924.621,23.458,58.958,2.771,94.583
2020-12-30,0.0,1845.114,24.058,57.917,2.121,80.292
2020-12-31,0.0,1639.338,23.367,62.0,1.504,142.333
2021-01-01,0.058,1604.985,22.133,69.5,1.65,208.5
2021-01-02,0.192,1562.077,21.154,72.167,2.033,130.417
2021-01-03,1.408,1685.223,21.829,78.458,2.3,202.458
2021-01-04,0.483,1042.638,20.1,81.917,2.421,255.417
2021-01-05,0.008,1877.592,22.05,74.292,1.529,109.25
2021-01-06,0.0,2210.223,24.258,65.417,2.0,103.917
2021-01-07,0.4,1695.023,23.375,73.0,1.642,155.625
2021-01-08,0.0,1965.654,22.592,71.583,2.242,138.417
2021-01-09,1.158,1910.223,22.867,75.958,1.692,141.333
2021-01-10,0.458,1206.969,21.854,79.083,1.504,218.125
2021-01-11,0.025,1595.5,22.258,79.125,2.212,281.958
2021-01-12,0.533,996.938,21.421,84.208,1.283,209.708
2021-01-13,0.0,1973.962,22.925,76.25,1.738,153.333
2021-01-14,0.117,1191.954,21.967,79.417,1.771,200.542
2021-01-15,0.008,1246.9,20.792,80.458,1.9,94.458
2021-01-16,0.533,604.815,19.533,89.333,1.575,125.542
2021-01-17,0.0,1278.685,20.65,76.792,1.588,152.708
2021-01-18,0.0,1729.469,22.379,74.125,1.921,83.25
2021-01-19,0.0,2231.946,23.229,65.292,2.1,117.75
2021-01-20,0.0,2264.985,22.483,63.083,2.167,129.917
2021-01-21,0.0,2063.4,23.596,54.708,2.704,94.458
2021-01-22,0.0,2078.685,23.379,56.583,2.546,98.708
2021-01-23,0.0,2308.762,23.154,60.417,2.508,105.833
2021-01-24,0.0,2275.123,23.446,56.542,2.462,95.167
2021-01-25,3.25,1725.471,22.096,63.417,2.558,117.583
2021-01-26,2.233,1752.077,20.558,76.542,2.021,140.917
2021-01-27,0.033,1841.857,21.892,74.333,2.329,104.958
2021-01-28,0.0,2091.223,22.275,60.917,1.738,93.125
2021-01-29,0.0,1885.515,22.287,62.042,1.575,113.208
2021-01-30,0.0,2098.431,23.562,60.75,1.996,123.542
2021-01-31,0.0,2307.854,24.371,57.75,1.925,128.125
2021-02-01,1.1,1921.629,22.371,73.583,1.938,213.167
2021-02-02,0.008,1565.033,23.004,70.458,2.4,108.958
2021-02-03,0.033,1634.746,23.004,71.333,2.154,165.0
2021-02-04,1.7,1489.436,22.196,75.042,1.638,216.792
2021-02-05,2.2,1648.7,22.592,80.667,2.208,314.958
2021-02-06,1.4,412.408,20.112,90.708,2.875,319.958
2021-02-07,0.242,980.485,19.75,90.708,3.046,328.875
2021-02-08,2.117,1248.6,19.879,87.625,2.321,301.75
2021-02-09,0.008,1081.707,19.8,83.042,1.583,201.875
2021-02-10,0.0,1821.231,21.467,75.875,1.433,130.792
2021-02-11,0.05,1457.323,21.917,78.792,2.15,121.875
2021-02-12,1.333,526.792,19.796,90.208,1.504,159.0
2021-02-13,1.142,828.508,19.217,90.792,1.496,184.333
2021-02-14,0.458,1238.231,20.275,88.792,1.329,180.875
2021-02-15,0.858,1515.8,21.146,83.167,2.1,243.458
2021-02-16,3.0,1105.493,20.812,86.583,1.771,269.333
2021-02-17,0.658,1192.931,20.854,87.167,1.821,246.458
2021-02-18,0.325,1152.592,20.879,89.167,1.967,249.542
2021-02-19,0.067,1247.585,21.558,83.875,2.142,282.583
2021-02-20,0.958,1271.408,21.279,88.333,1.925,284.5
2021-02-21,0.225,1264.877,20.475,89.625,2.45,269.833
2021-02-22,1.842,1571.957,20.6,81.708,2.312,175.75
2021-02-23,0.325,1260.754,20.717,84.458,1.625,187.375
2021-02-24,0.1,1632.631,21.463,78.583,1.892,249.0
2021-02-25,0.7,1047.246,20.775,83.708,1.463,292.417
2021-02-26,0.108,614.308,19.971,88.292,1.408,225.208
2021-02-27,1.283,812.023,19.025,92.208,1.612,91.583
2021-02-28,0.233,1069.846,19.258,87.417,2.363,87.833
2021-03-01,0.025,1495.692,20.846,79.875,2.85,87.542
2021-03-02,0.0,1431.208,21.333,76.625,2.842,80.042
2021-03-03,0.0,1779.338,22.225,68.208,2.654,71.208
2021-03-04,0.0,1899.446,22.658,63.292,1.779,60.958
2021-03-05,0.0,2030.238,23.238,68.167,1.825,219.542
2021-03-06,0.0,1472.608,22.533,71.625,2.025,266.375
2021-03-07,0.183,1433.623,22.046,76.042,1.75,233.917
2021-03-08,2.375,923.477,20.1,84.917,1.713,160.375
2021-03-09,0.008,1510.562,21.333,78.75,1.783,249.958
2021-03-10,0.0,1002.908,20.725,80.792,2.05,304.75
2021-03-11,0.0,1512.069,21.371,78.292,1.925,275.083
2021-03-12,1.792,1183.317,20.767,85.333,1.379,200.625
2021-03-13,0.075,1327.077,21.954,78.875,1.296,108.75
2021-03-14,1.0,1542.467,21.496,80.333,1.717,177.0
2021-03-15,1.008,1249.569,20.429,84.125,1.954,146.167
2021-03-16,0.008,1000.615,21.15,80.083,1.754,168.0
2021-03-17,0.0,906.023,21.329,78.833,1.458,140.125
2021-03-18,0.0,1278.454,21.412,75.333,1.829,143.708
2021-03-19,0.225,990.4,20.442,83.625,1.362,135.292
2021-03-20,0.0,1927.492,21.608,76.833,1.988,128.333
2021-03-21,0.0,1568.438,21.429,73.125,3.129,96.042
2021-03-22,0.0,1514.062,21.154,70.667,3.246,100.542
2021-03-23,0.0,1749.462,22.117,60.917,2.508,102.875
2021-03-24,0.0,1986.415,22.738,59.292,2.529,107.0
2021-03-25,0.0,1853.608,22.5,53.667,2.508,99.875
2021-03-26,0.0,1687.169,20.675,60.167,1.683,115.75
2021-03-27,0.0,1934.523,21.358,62.958,1.542,123.875
2021-03-28,0.0,2032.108,22.488,52.625,1.896,94.042
2021-03-29,0.0,1977.592,22.529,55.0,1.325,148.667
2021-03-30,0.0,1681.631,23.333,58.25,1.258,193.5
2021-03-31,0.0,1587.192,23.842,61.625,1.588,208.042
2021-04-01,0.333,1085.507,22.1,75.208,1.425,145.375
2021-04-02,0.0,1004.35,22.138,75.167,1.458,223.542
2021-04-03,0.0,1621.425,21.846,76.0,1.838,182.292
2021-04-04,1.4,1434.233,21.017,82.542,1.946,129.292
2021-04-05,0.467,1349.669,21.5,80.0,2.788,99.875
2021-04-06,0.2,1219.0,20.658,83.208,2.467,80.417
2021-04-07,0.0,980.733,20.35,84.417,2.404,96.083
2021-04-08,0.083,1074.058,19.796,81.5,3.833,100.333
2021-04-09,0.0,1687.642,19.233,75.375,4.046,105.458
2021-04-10,0.0,2034.2,19.875,68.583,2.958,102.125
2021-04-11,0.0,1677.2,20.912,63.25,1.817,106.792
2021-04-12,0.0,1714.817,21.45,69.333,1.579,138.25
2021-04-13,0.0,1640.933,22.292,67.833,1.558,140.458
2021-04-14,0.0,1668.683,20.858,63.375,2.038,111.125
2021-04-15,0.0,1744.475,21.521,63.458,2.212,115.708
2021-04-16,0.0,1900.083,21.542,63.0,2.321,88.542
2021-04-17,0.058,1283.317,20.325,68.458,1.642,97.333
2021-04-18,0.692,1121.367,19.6,82.583,1.162,147.375
2021-04-19,0.533,824.233,19.333,86.833,0.996,206.917
2021-04-20,0.008,1233.383,19.671,75.958,1.271,197.542
2021-04-21,0.0,1683.833,20.267,61.5,1.483,217.167
2021-04-22,0.0,1969.658,19.767,60.083,1.383,222.875
2021-04-23,0.0,1665.983,19.867,64.083,1.317,177.167
2021-04-24,0.0,1848.667,20.821,63.958,1.392,175.667
2021-04-25,0.342,1375.775,21.233,69.792,1.321,191.208
2021-04-26,0.233,1123.785,21.133,76.25,1.192,151.5
2021-04-27,0.0,1336.592,20.671,78.042,1.271,180.917
2021-04-28,0.0,1592.458,21.45,75.875,1.942,156.417
2021-04-29,0.725,1095.362,20.2,83.25,2.508,111.542
2021-04-30,0.0,991.992,20.192,82.833,3.175,97.375
2021-05-01,0.0,929.258,18.738,82.375,3.292,101.583
2021-05-02,0.0,1528.975,18.779,75.208,2.679,113.083
2021-05-03,0.0,1896.158,18.771,66.0,2.45,104.625
2021-05-04,0.0,1890.492,19.238,61.208,2.588,104.375
2021-05-05,0.0,1724.075,18.796,68.625,2.012,101.333
2021-05-06,0.0,1465.767,19.746,69.917,1.621,131.042
2021-05-07,0.0,1284.125,20.392,71.25,1.158,142.708
2021-05-08,0.158,1681.325,21.417,67.792,2.054,137.333
2021-05-09,0.008,1713.017,19.75,74.125,2.646,110.292
2021-05-10,0.0,1684.258,19.083,65.792,3.0,100.917
2021-05-11,0.0,1782.808,18.575,64.667,2.096,105.542
2021-05-12,0.0,1460.617,18.938,64.083,1.646,134.208
2021-05-13,0.0,1313.85,20.012,65.292,0.983,156.292
2021-05-14,0.0,1583.942,19.054,60.583,1.758,117.458
2021-05-15,0.0,1542.8,19.608,60.292,1.963,103.833
2021-05-16,0.0,1596.583,19.496,62.875,1.888,108.5
2021-05-17,0.0,1582.683,18.967,65.5,1.733,117.417
2021-05-18,0.0,1487.2,18.871,65.875,1.362,146.0
2021-05-19,0.0,1427.992,18.688,63.417,1.129,132.0
2021-05-20,0.0,1570.142,19.292,61.375,1.496,199.333
2021-05-21,0.0,1461.417,20.325,63.0,1.425,243.125
2021-05-22,0.0,1507.367,20.779,63.708,1.5,243.625
2021-05-23,0.0,1165.533,21.129,70.042,1.483,172.708
2021-05-24,0.0,1310.742,20.758,74.375,1.588,155.292
2021-05-25,0.0,1578.925,21.354,69.917,1.771,140.667
2021-05-26,0.0,1589.017,21.608,64.417,1.775,116.833
2021-05-27,0.0,1527.683,22.088,64.875,1.546,118.25
2021-05-28,0.0,1342.9,21.554,65.083,1.65,75.833
2021-05-29,0.0,1307.467,20.942,64.875,1.146,147.75
2021-05-30,0.0,1429.067,20.796,66.5,1.608,122.0
2021-05-31,0.0,1489.033,20.658,63.5,1.729,150.375
2021-06-01,0.0,1603.15,20.129,57.833,1.546,108.958
2021-06-02,0.0,1366.867,20.679,59.333,1.95,101.333
2021-06-03,0.0,1577.408,21.021,58.167,2.471,99.542
2021-06-04,0.0,1633.917,19.975,55.333,3.446,105.125
2021-06-05,0.0,1532.633,20.133,58.083,2.767,81.292
2021-06-06,0.0,1254.933,20.221,65.792,2.412,99.25
2021-06-07,0.0,1556.65,19.733,66.125,1.762,94.667
2021-06-08,0.0,1500.458,20.246,64.5,2.046,106.792
2021-06-09,0.0,1570.042,20.388,60.792,1.846,103.167
2021-06-10,0.0,1558.575,21.246,55.542,2.417,89.833
2021-06-11,0.0,1054.35,19.883,64.167,1.446,192.417
2021-06-12,0.0,1454.233,19.788,72.667,1.8,175.958
2021-06-13,0.0,1325.983,20.158,67.917,2.117,126.458
2021-06-14,0.0,1002.042,19.971,71.583,2.462,103.917
2021-06-15,1.233,1175.958,18.713,79.708,1.871,161.542
2021-06-16,0.0,1487.6,18.879,71.375,1.138,195.333
2021-06-17,0.0,1592.342,18.079,52.292,1.654,157.875
2021-06-18,0.0,1587.242,17.775,53.875,1.838,125.917
2021-06-19,0.0,1280.433,19.05,60.417,2.083,94.542
2021-06-20,0.0,1308.975,19.846,65.375,1.154,100.875
2021-06-21,0.0,1530.0,20.433,58.667,1.879,123.625
2021-06-22,0.0,1592.175,19.475,52.417,1.567,133.0
2021-06-23,0.0,1584.308,19.358,57.042,2.088,112.333
2021-06-24,0.0,1578.583,20.108,59.75,2.021,153.0
2021-06-25,0.0,1461.617,19.162,62.208,1.921,116.833
2021-06-26,0.0,1614.575,17.858,53.833,2.712,104.083
2021-06-27,0.0,1601.025,18.2,49.667,2.05,70.417
2021-06-28,0.0,1621.908,17.817,57.583,1.908,114.792
2021-06-29,0.0,1595.267,16.517,62.125,2.088,137.292
2021-06-30,0.0,1583.225,14.796,62.875,2.046,160.0
2021-07-01,0.0,1599.067,16.358,52.417,2.275,121.708
2021-07-02,0.0,1608.075,18.117,64.208,2.479,107.583
2021-07-03,0.0,1563.0,18.283,58.5,2.183,137.417
2021-07-04,0.0,1640.492,16.258,58.333,2.233,110.042
2021-07-05,0.0,1569.942,16.638,56.208,1.963,122.625
2021-07-06,0.0,1599.6,16.521,60.792,1.596,117.833
2021-07-07,0.0,1601.75,17.871,54.167,1.533,139.125
2021-07-08,0.0,1606.442,17.575,53.417,1.688,120.125
2021-07-09,0.0,1622.842,17.671,51.458,1.988,102.042
2021-07-10,0.0,1628.6,18.154,46.0,2.125,104.25
2021-07-11,0.0,1628.042,17.542,48.542,1.9,116.542
2021-07-12,0.0,1631.117,18.071,48.875,2.479,103.0
2021-07-13,0.0,1628.425,18.708,48.625,2.637,100.75
2021-07-14,0.0,1621.758,18.771,49.958,2.192,98.667
2021-07-15,0.0,1637.933,18.925,54.667,1.338,128.375
2021-07-16,0.0,1627.683,19.65,56.125,1.612,200.792
2021-07-17,0.0,1374.825,20.138,54.208,1.238,174.917
2021-07-18,0.0,1555.433,21.133,48.417,1.508,153.625
2021-07-19,0.0,1578.417,20.021,52.792,2.617,166.792
2021-07-20,0.0,1652.067,18.375,29.542,2.046,138.583
2021-07-21,0.0,1306.392,19.15,47.542,2.188,123.917
2021-07-22,0.0,1517.767,20.383,52.792,2.767,106.792
2021-07-23,0.0,1479.475,18.338,54.458,3.262,100.792
2021-07-24,0.0,1719.258,17.5,54.167,3.392,93.208
2021-07-25,0.0,1716.608,18.179,51.375,2.592,83.833
2021-07-26,0.0,1715.65,19.117,50.292,2.154,99.833
2021-07-27,0.0,1701.392,19.579,44.0,1.75,138.875
2021-07-28,0.0,1666.042,20.883,44.833,1.796,260.583
2021-07-29,0.0,1627.05,17.0,47.333,2.775,191.542
2021-07-30,0.0,1629.033,17.083,35.583,1.812,150.542
2021-07-31,0.0,1649.658,19.1,48.625,2.371,117.917
2021-08-01,0.0,1700.433,19.292,59.625,2.942,103.833
2021-08-02,0.0,1736.65,18.296,56.083,2.821,109.0
2021-08-03,0.0,1703.225,18.838,52.042,1.783,132.542
2021-08-04,0.0,1676.392,19.529,47.458,2.012,111.667
2021-08-05,0.0,1729.936,18.635,47.522,3.729,98.292
2021-08-06,0.0,1246.433,17.508,60.042,3.471,100.25
2021-08-07,0.0,1177.758,17.096,61.0,3.033,99.792
2021-08-08,0.0,1853.783,17.921,55.875,2.471,99.542
2021-08-09,0.0,1579.825,19.133,51.583,2.288,114.0
2021-08-10,0.0,1556.558,20.721,49.875,1.638,106.708
2021-08-11,0.0,1702.575,20.408,48.542,1.583,149.042
2021-08-12,0.0,1861.125,21.229,41.333,2.0,118.125
2021-08-13,0.0,1877.508,21.629,37.208,2.821,101.542
2021-08-14,0.0,1887.617,21.567,37.125,2.812,99.333
2021-08-15,0.0,1865.808,22.925,33.25,2.762,96.25
2021-08-16,0.0,1821.15,22.258,36.917,2.229,81.667
2021-08-17,0.0,1847.367,22.875,35.167,2.646,81.917
2021-08-18,0.0,1898.067,22.283,38.333,3.558,89.542
2021-08-19,0.0,1941.292,20.608,41.125,3.433,96.042
2021-08-20,0.0,1930.058,20.467,42.167,3.083,78.792
2021-08-21,0.0,1982.758,20.254,43.583,2.5,112.333
2021-08-22,0.0,1956.092,21.496,41.583,2.637,105.833
2021-08-23,0.0,1833.425,22.562,37.875,2.042,94.833
2021-08-24,0.0,1673.733,23.175,36.75,2.462,99.667
2021-08-25,0.0,1909.258,22.608,38.042,1.958,112.542
2021-08-26,0.0,1735.017,23.346,36.375,1.617,104.125
2021-08-27,0.0,1869.125,24.558,33.417,2.629,89.583
2021-08-28,0.0,1896.408,23.129,39.542,3.25,96.542
2021-08-29,0.0,1793.058,21.762,50.875,3.025,110.208
2021-08-30,0.108,1703.233,21.375,51.833,3.033,103.75
2021-08-31,0.008,1969.6,21.104,52.417,3.133,110.042
2021-09-01,0.0,1875.942,20.358,53.333,3.192,110.417
2021-09-02,0.0,1800.042,21.221,49.708,2.879,97.25
2021-09-03,0.0,1885.283,22.417,41.083,2.171,120.292
2021-09-04,0.0,2043.758,22.529,38.875,1.742,130.667
2021-09-05,0.0,1638.4,24.192,33.875,1.467,128.292
2021-09-06,0.0,1728.092,25.071,32.25,1.254,160.083
2021-09-07,0.0,1925.667,26.604,27.083,1.95,101.125
2021-09-08,0.0,1853.658,26.808,29.458,2.538,66.625
2021-09-09,0.0,1942.092,26.221,29.917,2.075,81.25
2021-09-10,0.0,1868.258,25.792,27.458,1.875,172.708
2021-09-11,0.0,1946.192,25.667,28.042,2.008,119.917
2021-09-12,0.0,1909.483,27.067,24.875,2.863,85.417
2021-09-13,0.0,2061.583,26.554,23.875,2.725,73.083
2021-09-14,0.0,1730.585,24.925,29.625,1.642,125.667
2021-09-15,0.0,1989.583,25.592,27.292,1.537,158.667
2021-09-16,0.0,2005.192,26.192,25.833,2.379,84.292
2021-09-17,0.0,2065.958,24.767,26.958,3.492,89.417
2021-09-18,0.0,2181.283,23.9,29.75,2.871,89.75
2021-09-19,0.0,2121.908,25.588,19.25,2.654,85.917
2021-09-20,0.0,2082.908,26.946,24.833,2.121,62.375
2021-09-21,0.0,1570.942,26.933,29.167,1.596,118.5
2021-09-22,0.0,1636.908,27.488,27.583,1.833,238.417
2021-09-23,0.0,1721.45,25.821,45.042,3.108,141.958
2021-09-24,0.042,1492.2,25.025,50.042,2.962,156.667
2021-09-25,0.2,770.567,21.604,67.25,1.854,168.833
2021-09-26,0.0,1510.542,22.333,58.125,1.983,98.375
2021-09-27,0.0,1986.783,23.858,51.417,2.104,151.292
2021-09-28,0.0,2000.217,24.467,43.583,2.363,104.625
2021-09-29,0.283,1708.717,25.65,41.333,2.1,138.083
2021-09-30,0.0,1582.1,23.942,57.0,1.546,249.042
2021-10-01,0.0,1162.85,23.912,57.292,1.85,268.458
2021-10-02,0.325,873.483,21.45,69.458,2.075,150.958
2021-10-03,0.0,1486.464,23.267,63.417,1.804,223.583
2021-10-04,0.042,1801.85,25.475,52.167,1.938,165.792
2021-10-05,0.0,1842.677,25.358,50.917,2.558,152.458
2021-10-06,0.0,2094.117,26.25,36.5,2.075,94.875
2021-10-07,0.0,1555.967,26.537,35.25,1.858,121.208
2021-10-08,0.0,1638.042,26.379,46.125,2.95,127.417
2021-10-09,0.0,1691.969,25.717,50.833,1.929,150.625
2021-10-10,2.35,1318.467,22.175,70.25,2.429,180.75
2021-10-11,0.175,938.669,21.1,78.792,2.25,209.0
2021-10-12,0.0,1509.938,23.042,69.917,1.996,285.167
2021-10-13,0.783,1299.314,22.325,78.125,1.825,153.25
2021-10-14,1.108,1294.862,21.888,79.833,2.662,227.25
2021-10-15,0.008,1774.529,22.808,68.917,2.858,131.042
2021-10-16,0.0,1272.457,22.733,68.75,1.946,207.292
2021-10-17,0.0,1512.664,23.262,66.167,1.658,151.625
2021-10-18,0.0,1054.292,21.858,75.458,2.175,207.375
2021-10-19,0.092,1256.558,21.512,78.0,2.025,238.042
2021-10-20,0.008,1860.969,22.829,71.583,1.967,251.417
2021-10-21,0.475,1181.043,21.871,79.417,1.492,202.583
2021-10-22,0.175,1141.479,21.338,79.458,1.862,103.208
2021-10-23,0.008,1922.379,22.15,72.875,2.071,217.0
2021-10-24,0.0,1487.436,23.029,71.75,3.238,306.25
2021-10-25,0.158,1446.846,22.246,74.458,1.842,118.958
2021-10-26,0.033,1543.077,22.267,78.292,2.225,120.583
2021-10-27,0.0,1829.793,23.812,65.042,3.442,97.5
2021-10-28,0.0,2083.107,24.492,51.667,3.283,93.083
2021-10-29,0.0,1986.636,24.25,51.417,2.708,99.583
2021-10-30,0.425,1661.431,23.283,59.5,2.529,135.625
2021-10-31,0.408,640.243,19.421,85.375,1.958,126.5
2021-11-01,0.0,1385.957,20.879,78.25,2.658,261.708
2021-11-02,0.0,1218.736,21.338,77.5,2.946,301.458
2021-11-03,0.0,1382.464,21.5,78.083,2.783,317.167
2021-11-04,0.175,898.021,20.867,82.792,2.283,312.583
2021-11-05,1.508,714.143,20.45,85.958,1.787,274.042
2021-11-06,0.0,1631.314,23.017,71.917,1.429,236.042
2021-11-07,0.0,957.962,21.75,75.792,1.85,212.667
2021-11-08,1.633,583.45,20.504,86.792,1.221,183.826
2021-11-09,0.0,1271.379,21.396,80.792,2.217,69.458
2021-11-10,0.117,1274.143,21.071,82.417,2.596,141.083
2021-11-11,1.083,812.314,20.475,85.375,2.346,292.667
2021-11-12,0.867,795.7,20.046,88.625,1.383,160.75
2021-11-13,0.325,756.914,20.283,87.708,1.612,247.833
2021-11-14,1.317,592.92,19.392,91.958,2.433,101.833
2021-11-15,0.117,709.04,18.671,88.625,3.075,84.25
2021-11-16,0.325,743.329,19.333,86.958,2.85,74.375
2021-11-17,0.025,1033.929,21.221,80.125,2.417,85.208
2021-11-18,1.208,557.186,19.688,88.167,2.108,198.875
2021-11-19,0.125,1282.086,21.525,77.083,1.671,211.5
2021-11-20,1.15,1020.414,21.496,82.875,1.329,238.542
2021-11-21,0.858,785.679,21.104,88.667,0.908,145.292
2021-11-22,0.658,1331.55,22.346,78.125,1.454,155.833
2021-11-23,0.492,1347.9,22.158,79.125,1.708,221.875
2021-11-24,0.058,1952.893,23.379,69.083,2.075,149.583
2021-11-25,0.0,2027.564,24.05,53.458,2.458,73.667
2021-11-26,0.0,1789.014,24.021,55.25,2.442,236.958
2021-11-27,0.1,1546.664,22.842,69.875,3.067,301.708
2021-11-28,0.017,1524.164,22.496,77.458,3.458,312.042
2021-11-29,2.017,1151.536,20.746,83.542,2.067,266.75
2021-11-30,0.067,1272.993,20.925,79.875,1.771,268.875
2021-12-01,1.558,1391.093,22.071,82.25,2.271,304.708
2021-12-02,0.042,844.25,21.575,86.083,1.646,296.042
2021-12-03,0.317,1229.064,21.642,83.875,1.412,177.208
2021-12-04,2.758,1575.931,21.25,82.958,2.221,155.792
2021-12-05,0.0,1173.921,20.758,82.708,2.55,105.333
2021-12-06,0.917,1621.05,21.242,82.125,1.9,258.833
2021-12-07,0.433,1565.357,21.929,79.167,1.983,257.167
2021-12-08,0.358,908.636,20.308,83.083,1.383,217.333
2021-12-09,0.008,1357.179,20.792,80.458,1.662,132.625
2021-12-10,0.0,1422.029,22.287,77.083,1.333,236.375
2021-12-11,0.425,1320.493,22.012,82.0,2.438,202.792
2021-12-12,0.35,1571.529,21.4,84.5,2.858,272.208
2021-12-13,1.458,1185.486,21.654,83.875,2.383,299.25
2021-12-14,0.108,1556.729,21.317,79.333,2.567,322.292
2021-12-15,0.058,890.971,21.067,83.0,2.042,191.167
2021-12-16,0.067,928.507,21.054,81.833,1.983,232.292
2021-12-17,0.258,1599.546,21.192,81.25,2.171,180.375
2021-12-18,0.292,1232.821,21.117,84.417,1.654,187.0
2021-12-19,2.325,974.364,21.521,86.0,1.542,222.708
2021-12-20,0.85,1190.1,20.958,86.792,1.738,250.958
2021-12-21,0.725,1506.207,21.438,83.375,1.725,171.792
2021-12-22,0.308,1570.45,22.258,81.125,2.338,299.5
2021-12-23,0.083,1365.95,21.821,84.292,2.533,308.25
2021-12-24,0.892,572.914,19.117,89.417,1.858,135.0
2021-12-25,0.0,1917.093,20.317,76.375,2.267,99.042
2021-12-26,0.0,1935.829,21.963,71.792,2.404,75.042
2021-12-27,0.0,1615.964,22.017,74.875,2.025,40.042
2021-12-28,0.05,1314.693,20.958,82.333,3.108,280.292
2021-12-29,0.033,1211.436,21.012,82.542,2.492,257.333
2021-12-30,1.05,713.35,19.792,88.458,2.338,298.917
2021-12-31,0.567,656.793,19.133,90.25,2.85,327.792
2022-01-01,1.075,691.729,19.325,91.333,3.121,245.917
2022-01-02,0.158,1144.529,19.975,88.25,3.017,286.625
2022-01-03,0.508,1474.743,21.167,82.75,2.288,309.625
2022-01-04,0.133,1367.914,20.917,84.417,2.629,309.375
2022-01-05,0.0,1886.386,22.142,76.208,2.667,297.042
2022-01-06,0.15,1496.364,21.188,83.292,3.004,331.417
2022-01-07,0.7,559.269,19.767,91.333,2.854,326.917
2022-01-08,0.717,925.215,19.771,91.5,2.725,329.75
2022-01-09,0.483,515.857,19.333,92.458,3.863,336.25
2022-01-10,0.158,863.192,19.75,89.875,3.0,329.208
2022-01-11,0.858,810.686,19.117,91.5,2.979,331.333
2022-01-12,0.158,1072.408,19.533,88.167,2.625,270.583
2022-01-13,0.008,1401.171,20.454,82.083,2.279,214.083
2022-01-14,0.0,2051.943,22.5,73.5,2.217,133.083
2022-01-15,0.0,2396.192,22.825,54.958,2.8,91.417
2022-01-16,0.0,1991.392,22.867,56.833,2.075,122.583
2022-01-17,0.0,1995.838,23.133,64.375,2.233,96.958
2022-01-18,0.0,1934.907,23.321,63.125,2.2,110.833
2022-01-19,0.083,2030.785,22.996,67.042,1.862,127.708
2022-01-20,0.0,2363.385,23.638,56.583,1.971,110.417
2022-01-21,0.208,1547.154,22.079,65.458,1.704,114.458
2022-01-22,0.0,2048.146,22.333,72.583,1.696,119.958
2022-01-23,0.0,2316.515,24.296,60.417,2.367,85.625
2022-01-24,0.0,2101.146,24.583,59.958,2.058,88.583
2022-01-25,0.0,1353.877,22.446,69.208,1.979,189.875
2022-01-26,0.0,1279.408,20.471,77.625,1.867,240.333
2022-01-27,0.05,1506.838,20.517,79.167,2.092,300.542
2022-01-28,0.083,1758.846,20.692,76.417,2.8,273.417
2022-01-29,0.0,1878.123,21.537,73.708,3.421,312.125
2022-01-30,0.0,1744.692,21.679,75.042,3.383,278.667
2022-01-31,0.033,1350.838,20.775,79.167,2.633,316.458
2022-02-01,0.0,1847.646,21.646,72.958,2.8,339.375
2022-02-02,0.0,1298.669,21.979,77.958,1.554,186.75
2022-02-03,2.042,1364.254,21.229,78.625,1.858,199.583
2022-02-04,0.558,1175.938,21.388,82.375,1.763,177.167
2022-02-05,0.008,1332.838,22.242,80.042,1.088,185.083
2022-02-06,0.517,980.331,20.125,83.333,2.429,174.375
2022-02-07,0.0,1108.508,21.154,80.583,1.738,250.458
2022-02-08,0.442,972.077,20.55,85.208,1.371,253.917
2022-02-09,0.192,1727.554,21.429,77.375,2.342,300.375
2022-02-10,0.025,1396.369,20.358,81.5,3.433,329.5
2022-02-11,0.25,1167.438,21.067,78.333,2.342,311.417
2022-02-12,0.008,1296.808,21.283,75.667,2.229,298.417
2022-02-13,0.508,1195.185,20.508,84.0,2.312,326.917
2022-02-14,0.0,1525.469,21.604,76.5,2.258,315.792
2022-02-15,0.383,1198.162,20.888,83.125,1.612,242.917
2022-02-16,0.508,1114.277,21.242,82.417,1.708,199.958
2022-02-17,2.45,855.785,19.675,87.917,1.75,192.333
2022-02-18,0.008,1393.808,20.488,81.667,2.242,317.042
2022-02-19,0.258,724.715,19.433,88.708,2.258,262.792
2022-02-20,0.5,1221.8,19.671,82.208,1.629,261.208
2022-02-21,1.133,1267.746,20.646,84.583,1.438,145.333
2022-02-22,0.033,1750.833,21.15,78.458,2.196,116.917
2022-02-23,0.0,1574.669,22.45,71.542,1.954,79.375
2022-02-24,0.0,1417.3,21.138,79.792,1.579,182.833
2022-02-25,0.0,1890.215,22.796,72.542,2.054,123.458
2022-02-26,0.0,1828.477,23.287,70.75,2.896,103.792
2022-02-27,0.0,1991.885,23.733,62.833,2.421,84.042
2022-02-28,0.0,1973.431,23.708,60.0,2.471,81.083
2022-03-01,0.0,1861.215,23.442,62.125,2.242,81.833
2022-03-02,2.175,1262.215,21.1,73.417,2.558,70.625
2022-03-03,0.008,1187.6,19.938,79.292,1.654,134.625
2022-03-04,0.067,1439.015,20.354,79.75,1.8,128.083
2022-03-05,0.0,1775.662,21.525,73.708,1.95,125.542
2022-03-06,0.05,1408.023,21.725,69.792,2.758,71.375
2022-03-07,0.075,1800.754,21.854,73.625,2.329,77.833
2022-03-08,0.0,1794.285,21.946,73.25,2.238,93.792
2022-03-09,0.0,2154.262,22.225,60.125,1.996,87.375
2022-03-10,0.0,1632.954,22.979,61.958,1.742,116.5
2022-03-11,0.408,1802.954,22.804,69.958,1.675,141.417
2022-03-12,0.625,1286.423,21.183,81.667,1.821,205.333
2022-03-13,0.017,1165.062,21.142,83.042,1.533,182.292
2022-03-14,0.117,1015.223,21.233,82.792,1.383,136.542
2022-03-15,1.15,1093.362,20.833,83.875,1.283,177.458
2022-03-16,0.083,1387.785,22.004,79.0,1.808,151.25
2022-03-17,0.0,1931.523,22.608,71.25,2.254,28.125
2022-03-18,0.292,1438.577,21.921,79.208,1.625,114.25
2022-03-19,0.0,2051.131,22.35,70.875,1.729,106.5
2022-03-20,0.0,2031.777,22.812,59.25,1.825,99.583
2022-03-21,0.0,1921.477,21.979,65.917,2.3,123.208
2022-03-22,0.0,1564.146,21.967,69.0,3.233,103.792
2022-03-23,0.0,1502.046,21.725,71.542,2.979,84.833
2022-03-24,0.0,1444.677,22.417,70.333,2.092,98.083
2022-03-25,0.0,1482.277,22.371,71.208,1.542,163.542
2022-03-26,0.0,1752.777,22.95,68.875,1.508,120.417
2022-03-27,0.0,1704.285,23.362,65.792,1.608,121.458
2022-03-28,0.0,1737.2,23.537,64.542,2.15,118.792
2022-03-29,0.0,1932.4,24.125,57.208,2.617,89.0
2022-03-30,0.0,1593.615,23.4,59.333,1.792,105.708
2022-03-31,0.0,1889.615,22.971,62.0,1.854,125.417
2022-04-01,0.0,1607.262,22.496,60.333,1.654,130.208
2022-04-02,0.0,1916.446,23.129,56.208,2.667,103.792
2022-04-03,0.0,1911.208,23.133,55.792,2.788,93.542
2022-04-04,0.0,1827.969,23.233,53.917,2.446,98.833
2022-04-05,0.0,1905.138,23.246,51.708,2.229,101.25
2022-04-06,0.0,1570.723,22.671,62.208,1.738,137.833
2022-04-07,0.0,1693.754,23.654,60.708,1.95,119.875
2022-04-08,0.042,1470.6,22.058,73.917,1.629,104.625
2022-04-09,0.0,1813.517,23.362,67.833,1.4,130.583
2022-04-10,0.0,1321.777,23.546,69.708,1.725,185.875
2022-04-11,0.0,1099.833,22.029,76.25,1.488,129.25
2022-04-12,0.0,1200.162,22.287,77.375,1.679,190.375
2022-04-13,0.867,1015.958,21.1,82.458,1.154,187.25
2022-04-14,0.008,1459.4,22.496,75.458,1.521,163.875
2022-04-15,0.0,1268.092,22.204,73.875,1.804,219.292
2022-04-16,0.0,1844.208,22.054,65.375,1.963,157.875
2022-04-17,0.0,1429.85,21.433,67.208,2.121,124.958
2022-04-18,0.0,1705.092,21.646,71.833,2.375,97.958
2022-04-19,0.0,1706.367,21.638,65.833,2.496,87.292
2022-04-20,0.0,1877.775,21.817,57.167,2.15,105.375
2022-04-21,0.0,1707.542,21.438,56.042,1.975,107.083
2022-04-22,0.0,1679.633,22.354,55.292,1.767,116.042
2022-04-23,0.058,1457.683,21.171,67.792,1.454,160.083
2022-04-24,0.0,1634.167,21.742,70.417,1.942,111.458
2022-04-25,0.0,1915.433,23.696,57.292,3.046,95.083
2022-04-26,0.0,1779.242,22.525,61.5,3.125,91.458
2022-04-27,0.0,1834.117,22.229,62.25,3.008,88.125
2022-04-28,0.0,1868.808,21.762,64.667,2.767,97.958
2022-04-29,0.0,1616.233,22.138,62.167,2.717,104.417
2022-04-30,0.0,1913.3,21.738,55.25,2.692,91.583
2022-05-01,0.0,1616.167,20.479,58.667,2.008,99.875
2022-05-02,0.0,1558.458,22.167,53.583,1.871,90.417
2022-05-03,0.0,1576.958,22.688,55.958,1.929,172.625
2022-05-04,0.0,1404.108,21.888,66.625,2.221,312.25
2022-05-05,0.0,1137.875,21.908,75.167,1.55,190.667
2022-05-06,0.6,1198.292,21.1,78.25,1.7,127.417
2022-05-07,0.008,1439.067,22.042,74.292,1.929,112.333
2022-05-08,0.0,1518.992,22.388,65.833,2.612,76.375
2022-05-09,0.0,1644.792,21.558,63.333,2.538,91.583
2022-05-10,0.0,1689.925,20.612,60.542,2.417,100.792
2022-05-11,0.0,1290.95,19.517,63.375,1.262,115.375
2022-05-12,0.0,1270.583,20.442,67.167,1.392,210.913
2022-05-13,0.0,1496.592,21.721,62.417,1.621,115.792
2022-05-14,0.0,1521.767,21.988,59.958,2.383,96.5
2022-05-15,0.0,1271.708,21.904,63.792,1.721,193.792
2022-05-16,0.0,1239.308,21.054,75.083,1.525,158.5
2022-05-17,0.0,1423.642,19.558,78.083,2.15,197.417
2022-05-18,0.0,1622.933,13.604,57.292,3.129,206.75
2022-05-19,0.0,1785.9,11.308,55.792,2.446,184.25
2022-05-20,0.0,1638.142,13.233,56.958,1.896,140.75
2022-05-21,0.0,1750.058,16.433,47.667,2.212,111.542
2022-05-22,0.0,1718.583,16.692,55.875,2.042,109.083
2022-05-23,0.0,1454.467,18.792,61.5,1.721,153.792
2022-05-24,0.0,1564.358,20.046,56.708,2.667,97.833
2022-05-25,0.0,1692.25,18.404,59.75,3.25,108.708
2022-05-26,0.0,1660.842,18.508,63.083,2.712,101.833
2022-05-27,0.0,1506.392,19.213,64.417,2.7,92.625
2022-05-28,0.0,1559.375,19.154,57.083,2.296,104.042
2022-05-29,0.0,1642.8,18.954,50.292,1.713,125.208
2022-05-30,0.0,1600.558,19.908,50.167,1.312,162.875
2022-05-31,0.0,1601.425,20.025,48.5,1.729,145.458
2022-06-01,0.0,1625.492,20.417,48.917,2.058,108.458
2022-06-02,0.0,1572.9,20.733,51.958,1.429,131.458
2022-06-03,0.0,1582.825,20.142,54.167,1.95,127.292
2022-06-04,0.0,1581.333,19.467,58.25,2.2,115.042
2022-06-05,0.0,1401.092,19.529,66.25,2.983,98.708
2022-06-06,0.0,1607.55,19.025,60.0,2.308,85.542
2022-06-07,0.0,1567.275,18.946,58.292,1.275,141.083
2022-06-08,0.0,1564.125,19.733,55.833,1.35,155.458
2022-06-09,0.0,1567.567,20.808,49.292,1.617,134.708
2022-06-10,0.0,1386.925,20.096,53.375,1.325,216.333
2022-06-11,0.0,1416.6,19.292,71.167,2.204,168.917
2022-06-12,0.0,1005.117,19.35,72.125,1.525,164.792
2022-06-13,0.0,1311.942,19.025,68.833,1.833,159.042
2022-06-14,0.0,1388.425,20.262,55.042,2.5,108.75
2022-06-15,0.0,1311.842,20.188,68.875,2.517,109.083
2022-06-16,0.0,1564.475,20.371,59.25,2.467,110.5
2022-06-17,0.0,1585.658,19.0,54.542,1.429,101.25
2022-06-18,0.0,1514.633,19.671,51.708,1.517,187.5
2022-06-19,0.0,1554.067,19.667,54.958,2.283,117.667
2022-06-20,0.0,1564.525,19.833,53.583,2.617,94.75
2022-06-21,0.0,1589.725,19.804,57.708,3.05,98.417
2022-06-22,0.0,1589.492,19.525,56.167,2.396,89.917
2022-06-23,0.0,1538.983,19.717,56.417,2.225,109.458
2022-06-24,0.0,1576.967,19.996,54.167,2.137,100.417
2022-06-25,0.0,1610.8,19.567,50.667,2.433,110.458
2022-06-26,0.0,1587.35,17.871,55.083,1.783,124.833
2022-06-27,0.0,1596.117,19.262,55.75,2.679,98.292
2022-06-28,0.0,1586.525,18.346,57.417,2.362,78.917
2022-06-29,0.0,1408.617,17.821,60.0,1.396,144.75
2022-06-30,0.0,1567.258,18.683,53.875,1.354,133.0
2022-07-01,0.0,1585.183,19.233,49.542,2.246,88.917
2022-07-02,0.0,1592.767,19.579,53.292,2.575,89.417
2022-07-03,0.0,1628.633,19.108,58.625,3.008,111.708
2022-07-04,0.0,1635.833,18.092,54.292,3.654,94.958
2022-07-05,0.0,1597.25,18.396,53.542,2.662,93.083
2022-07-06,0.0,1625.842,19.025,52.708,2.371,87.208
2022-07-07,0.0,1447.108,18.692,58.542,1.917,83.292
2022-07-08,0.0,1588.492,19.783,56.417,2.212,107.0
2022-07-09,0.0,1613.908,19.025,56.042,2.933,105.042
2022-07-10,0.0,1580.117,18.996,54.667,3.279,91.875
2022-07-11,0.0,1578.7,18.471,55.625,2.608,70.667
2022-07-12,0.0,1436.108,18.35,54.792,1.471,127.0
2022-07-13,0.0,1624.483,19.708,45.375,2.129,110.833
2022-07-14,0.0,1553.45,20.204,49.208,2.717,86.542
2022-07-15,0.0,1601.275,19.6,53.667,2.033,98.875
2022-07-16,0.0,1622.308,20.933,46.208,1.862,91.708
2022-07-17,0.0,1432.338,19.325,51.042,2.0,121.708
2022-07-18,0.0,1692.392,20.054,46.333,3.442,98.75
2022-07-19,0.0,1499.075,19.654,54.625,3.079,108.458
2022-07-20,0.0,1648.225,18.342,58.708,2.654,121.875
2022-07-21,0.0,1664.075,19.475,53.625,2.742,102.333
2022-07-22,0.0,1660.258,19.433,51.125,2.542,103.167
2022-07-23,0.0,1659.5,18.646,52.792,2.0,127.583
2022-07-24,0.0,1684.908,20.321,47.875,2.517,92.292
2022-07-25,0.0,1687.367,20.033,52.167,2.425,102.292
2022-07-26,0.0,1716.625,19.35,52.625,2.754,100.5
2022-07-27,0.0,1711.425,18.713,51.208,2.821,95.042
2022-07-28,0.0,1714.225,19.417,49.458,1.992,97.458
2022-07-29,0.0,1668.475,19.612,43.75,1.475,233.417
2022-07-30,0.0,1536.808,20.321,39.208,1.642,258.292
2022-07-31,0.0,1643.417,21.017,43.0,1.871,113.042
2022-08-01,0.0,1454.75,21.588,41.583,1.892,101.5
2022-08-02,0.0,1575.433,22.388,42.333,2.467,93.875
2022-08-03,0.0,1700.475,22.213,41.167,2.696,91.458
2022-08-04,0.0,1709.908,21.592,40.75,2.387,100.708
2022-08-05,0.0,1521.675,20.496,44.208,1.283,105.542
2022-08-06,0.0,1699.208,22.058,35.875,1.675,132.458
2022-08-07,0.0,1686.092,22.3,34.542,1.675,172.917
2022-08-08,0.0,1420.35,23.583,36.917,1.658,167.0
2022-08-09,0.0,1340.608,22.358,49.0,2.246,152.708
2022-08-10,0.0,1273.167,20.975,55.917,2.721,252.667
2022-08-11,0.0,1433.169,16.804,50.625,2.392,168.708
2022-08-12,0.0,1701.942,19.354,41.333,2.025,139.083
2022-08-13,0.0,1499.7,20.762,47.75,2.4,109.208
2022-08-14,0.0,1661.446,21.325,48.875,2.863,91.458
2022-08-15,0.0,1657.362,21.029,40.583,2.658,85.5
2022-08-16,0.0,1036.662,21.517,40.625,1.617,76.917
2022-08-17,0.0,1670.069,22.825,36.708,2.225,71.042
2022-08-18,0.0,1691.862,23.138,34.0,1.975,97.5
2022-08-19,0.0,1639.492,21.479,49.042,2.238,138.833
2022-08-20,0.0,1692.477,20.229,52.042,3.642,122.0
2022-08-21,0.0,1727.769,19.167,50.417,4.062,90.208
2022-08-22,0.0,1741.962,19.196,49.5,3.717,99.583
2022-08-23,0.0,1755.7,19.567,45.042,3.05,92.333
2022-08-24,0.0,1644.925,20.4,42.542,2.4,111.458
2022-08-25,0.0,1719.0,20.85,38.375,2.833,106.292
2022-08-26,0.0,1601.75,21.212,40.708,2.621,115.833
2022-08-27,0.0,1843.917,21.504,41.542,2.983,93.875
2022-08-28,0.0,1749.992,21.854,40.792,2.363,116.333
2022-08-29,0.0,1903.533,22.438,37.208,2.488,131.5
2022-08-30,0.0,1816.7,21.85,39.25,3.025,93.625
2022-08-31,0.0,1861.967,19.575,54.583,3.858,95.208
2022-09-01,0.0,1959.608,18.838,45.542,3.746,96.75
2022-09-02,0.0,1986.492,20.062,39.292,2.783,84.792
2022-09-03,0.0,1988.75,21.679,34.583,2.142,94.167
2022-09-04,0.0,1897.933,23.417,25.125,2.283,87.875
2022-09-05,0.0,1960.35,23.892,26.417,2.879,93.292
2022-09-06,0.0,1892.758,22.162,46.833,3.867,85.0
2022-09-07,0.0,1548.433,21.092,50.583,3.383,75.0
2022-09-08,0.0,1892.533,22.292,41.542,2.358,81.167
2022-09-09,0.0,1972.283,22.733,37.708,2.358,102.708
2022-09-10,0.0,2013.492,23.008,31.125,2.117,117.583
2022-09-11,0.0,1949.75,25.004,25.667,2.208,82.5
2022-09-12,0.0,1927.567,25.604,22.75,2.367,118.333
2022-09-13,0.0,1870.55,26.467,21.208,2.167,70.333
2022-09-14,0.0,1560.583,25.992,22.417,2.029,182.0
2022-09-15,0.0,1660.892,24.133,42.292,2.383,221.583
2022-09-16,0.0,1606.65,24.55,48.542,2.025,154.958
2022-09-17,0.058,1591.867,23.537,56.542,2.562,154.667
2022-09-18,0.208,1621.058,21.829,68.0,2.654,97.917
2022-09-19,0.433,749.917,21.417,70.625,1.546,218.5
2022-09-20,0.0,963.367,23.0,62.917,1.471,247.792
2022-09-21,0.358,1408.262,22.929,68.167,1.854,174.208
2022-09-22,0.625,583.375,21.071,75.833,2.904,257.917
2022-09-23,0.0,865.592,20.217,80.417,1.475,240.75
2022-09-24,0.0,1677.8,21.862,72.708,1.958,150.292
2022-09-25,0.0,998.433,21.617,71.833,2.658,89.667
2022-09-26,0.0,1915.35,22.65,64.833,2.45,68.208
2022-09-27,0.0,1729.425,23.833,48.75,1.554,135.042
2022-09-28,0.0,1705.408,23.421,58.792,1.896,131.25
2022-09-29,0.0,1727.208,24.083,55.833,2.092,188.208
2022-09-30,0.0,2095.2,24.762,53.208,2.738,113.292
2022-10-01,0.0,1941.042,23.883,57.708,3.008,121.458
2022-10-02,0.0,773.838,22.888,61.667,1.767,196.125
2022-10-03,0.0,1184.408,22.862,58.458,1.858,182.833
2022-10-04,0.0,958.4,23.429,57.667,1.575,180.875
2022-10-05,0.0,1088.786,22.446,63.958,2.475,142.417
2022-10-06,0.0,1462.208,23.858,55.208,2.604,148.208
2022-10-07,0.0,789.969,22.192,62.375,2.658,275.417
2022-10-08,0.0,1808.542,23.15,58.75,1.979,192.917
2022-10-09,0.008,1764.692,22.888,62.625,2.788,116.208
2022-10-10,0.0,1861.736,24.388,51.583,2.858,95.917
2022-10-11,0.0,1919.65,26.088,33.542,3.175,63.458
2022-10-12,0.0,1883.45,26.104,27.75,3.017,89.208
2022-10-13,0.0,1919.307,24.721,29.208,3.279,86.083
2022-10-14,0.0,1924.236,24.8,35.333,2.7,111.083
2022-10-15,0.0,2014.243,24.854,34.292,3.65,110.75
2022-10-16,0.0,2072.786,23.754,39.833,2.983,100.417
2022-10-17,0.0,2048.264,25.046,32.667,3.062,106.542
2022-10-18,0.0,1815.214,25.871,28.792,2.621,93.208
2022-10-19,0.0,1683.379,26.3,31.958,2.35,96.083
2022-10-20,0.0,1496.55,26.15,32.958,2.217,84.542
2022-10-21,0.0,1185.808,24.117,46.583,2.208,178.25
2022-10-22,0.0,1289.215,22.621,63.75,1.546,152.25
2022-10-23,0.075,775.433,21.017,76.75,2.271,124.375
2022-10-24,0.033,754.786,20.721,76.917,1.825,109.958
2022-10-25,0.0,1901.121,23.496,59.375,2.196,85.125
2022-10-26,0.067,1549.829,23.112,59.625,2.033,204.792
2022-10-27,0.658,1614.977,22.383,65.083,2.067,194.958
2022-10-28,0.05,1179.376,22.438,66.208,2.358,143.125
2022-10-29,0.0,1146.607,22.479,65.958,2.4,217.375
2022-10-30,0.0,1610.729,22.942,66.375,2.158,227.042
2022-10-31,0.583,1023.292,23.096,69.25,1.638,242.667
2022-11-01,1.675,1128.347,21.025,82.125,1.662,210.167
2022-11-02,0.167,468.02,19.117,89.25,2.596,190.042
2022-11-03,0.458,742.136,17.629,88.583,2.996,155.708
2022-11-04,0.05,1024.343,17.308,82.125,3.567,116.375
2022-11-05,0.0,1343.036,19.492,71.083,2.067,102.875
2022-11-06,0.0,1601.864,21.279,63.833,2.233,103.292
2022-11-07,0.0,1590.586,22.65,61.375,2.238,146.125
2022-11-08,1.417,1131.727,20.671,74.25,2.363,174.458
2022-11-09,0.0,1670.2,21.7,66.792,1.904,202.375
2022-11-10,1.783,1230.462,21.454,75.917,2.083,195.375
2022-11-11,0.933,1115.707,20.371,79.458,2.062,217.792
2022-11-12,0.033,864.538,19.742,83.208,1.558,182.333
2022-11-13,0.008,1830.55,21.833,74.542,1.942,169.792
2022-11-14,0.617,793.764,21.862,75.125,1.625,232.25
2022-11-15,4.708,978.857,19.758,87.708,1.888,257.583
2022-11-16,0.65,1389.0,20.358,82.708,1.65,192.5
2022-11-17,0.008,1826.386,21.908,73.875,1.842,144.0
2022-11-18,0.058,1833.243,23.683,62.917,2.467,81.583
2022-11-19,0.992,1754.914,20.733,71.25,2.429,129.167
2022-11-20,0.192,1302.286,19.521,78.292,2.279,181.667
2022-11-21,0.333,1557.386,20.275,77.333,1.954,95.667
2022-11-22,0.008,1478.95,21.729,72.917,1.875,104.375
2022-11-23,0.883,1137.007,20.621,80.542,1.65,216.042
2022-11-24,0.208,1172.007,20.821,81.375,2.025,211.875
2022-11-25,0.267,1199.893,20.188,81.417,2.267,240.542
2022-11-26,1.633,1155.36,20.429,81.208,1.842,260.583
2022-11-27,0.0,1308.907,21.662,76.167,2.221,307.5
2022-11-28,0.0,1354.436,21.733,77.25,2.071,244.542
2022-11-29,0.75,1540.964,20.208,78.208,2.6,267.833
2022-11-30,0.017,1026.614,19.958,77.333,2.6,320.917
2022-12-01,0.383,1480.921,20.575,77.792,2.013,263.167
2022-12-02,0.083,1247.336,20.654,81.583,1.7,123.542
2022-12-03,0.083,1281.121,20.888,80.167,2.292,85.583
2022-12-04,0.942,1367.75,20.333,82.708,2.317,122.792
2022-12-05,0.008,1251.757,21.088,78.625,2.529,109.25
2022-12-06,1.575,883.986,20.496,80.875,1.467,167.25
2022-12-07,0.05,1330.071,21.438,80.083,1.521,141.917
2022-12-08,0.133,1226.757,22.488,77.042,1.433,205.292
2022-12-09,1.75,1344.75,21.792,80.375,2.288,221.333
2022-12-10,0.608,1635.893,20.271,79.875,3.058,268.375
2022-12-11,0.0,1571.579,22.412,71.5,2.008,281.292
2022-12-12,0.0,1625.2,22.638,67.292,2.279,283.833
2022-12-13,0.0,1143.514,21.808,75.167,2.692,301.875
2022-12-14,0.275,1177.971,21.225,81.917,1.867,284.917
2022-12-15,0.575,773.757,19.946,89.0,2.3,306.375
2022-12-16,0.733,682.807,19.854,86.5,2.121,312.792
2022-12-17,0.433,801.292,19.629,88.042,2.829,322.083
2022-12-18,0.658,1244.664,20.112,85.875,2.121,297.042
2022-12-19,0.0,1437.414,21.188,80.875,2.625,318.583
2022-12-20,0.058,930.093,19.983,84.0,3.5,326.0
2022-12-21,0.367,682.957,19.425,87.333,2.775,311.542
2022-12-22,0.0,1719.414,21.829,75.417,1.925,283.667
2022-12-23,0.433,955.321,20.383,81.208,1.567,245.583
2022-12-24,0.742,1598.914,21.258,78.75,2.308,110.292
2022-12-25,0.85,1020.379,20.133,86.625,2.175,80.75
2022-12-26,1.85,476.214,18.875,93.292,2.938,161.25
2022-12-27,0.408,1153.571,20.242,82.167,3.042,185.208
2022-12-28,0.0,1110.386,21.325,77.667,2.217,148.375
2022-12-29,0.008,1593.214,21.958,75.708,2.429,236.417
2022-12-30,0.0,685.021,20.9,79.75,1.667,121.792
2022-12-31,0.458,833.543,20.142,86.292,1.229,121.875
